---,ConstellationId,StarId,DisplayName,RA_Hours,Dec_Deg,Radius
Betelgeuse,"Orion","Betelgeuse","NSLOCTEXT(""DT_Stars [40244D7B20E3A662E703191785661A62]"", ""Betelgeuse_DisplayName"", ""Betelgeuse"")","5.919525","7.407028","0.760000"
Bellatrix,"Orion","Bellatrix","NSLOCTEXT(""DT_Stars [40244D7B20E3A662E703191785661A62]"", ""Bellatrix_DisplayName"", ""Bellatrix"")","5.418853","6.349722","0.611000"
Meissa,"Orion","Meissa","NSLOCTEXT(""DT_Stars [40244D7B20E3A662E703191785661A62]"", ""Meissa_DisplayName"", ""Meissa"")","5.585633","9.934167","0.391000"
MuOrionis,"Orion","MuOrionis","NSLOCTEXT(""DT_Stars [40244D7B20E3A662E703191785661A62]"", ""MuOrionis_DisplayName"", ""Mu Orionis"")","6.039719","9.647361","0.299000"
NuOrionis,"Orion","NuOrionis","NSLOCTEXT(""DT_Stars [40244D7B20E3A662E703191785661A62]"", ""NuOrionis_DisplayName"", ""Nu Orionis"")","6.126200","14.768528","0.261000"
XiOrionis,"Orion","XiOrionis","NSLOCTEXT(""DT_Stars [40244D7B20E3A662E703191785661A62]"", ""XiOrionis_DisplayName"", ""Xi Orionis"")","6.199000","14.208806","0.258000"
Chi1Orionis,"Orion","Chi1Orionis","NSLOCTEXT(""DT_Stars [40244D7B20E3A662E703191785661A62]"", ""Chi1Orionis_DisplayName"", ""Chi1 Orionis"")","5.906411","20.276417","0.265000"
Chi2Orionis,"Orion","Chi2Orionis","NSLOCTEXT(""DT_Stars [40244D7B20E3A662E703191785661A62]"", ""Chi2Orionis_DisplayName"", ""Chi2 Orionis"")","6.065328","20.138472","0.235000"
Tabit,"Orion","Tabit","NSLOCTEXT(""DT_Stars [40244D7B20E3A662E703191785661A62]"", ""Tabit_DisplayName"", ""Tabit"")","4.830594","6.961250","0.416000"
Pi1Orionis,"Orion","Pi1Orionis","NSLOCTEXT(""DT_Stars [40244D7B20E3A662E703191785661A62]"", ""Pi1Orionis_DisplayName"", ""Pi1 Orionis"")","4.914917","10.151139","0.234000"
Pi2Orionis,"Orion","Pi2Orionis","NSLOCTEXT(""DT_Stars [40244D7B20E3A662E703191785661A62]"", ""Pi2Orionis_DisplayName"", ""Pi2 Orionis"")","4.843533","8.900250","0.270000"
Pi4Orionis,"Orion","Pi4Orionis","NSLOCTEXT(""DT_Stars [40244D7B20E3A662E703191785661A62]"", ""Pi4Orionis_DisplayName"", ""Pi4 Orionis"")","4.853436","5.605111","0.354000"
Pi5Orionis,"Orion","Pi5Orionis","NSLOCTEXT(""DT_Stars [40244D7B20E3A662E703191785661A62]"", ""Pi5Orionis_DisplayName"", ""Pi5 Orionis"")","4.904194","2.440667","0.353000"
Pi6Orionis,"Orion","Pi6Orionis","NSLOCTEXT(""DT_Stars [40244D7B20E3A662E703191785661A62]"", ""Pi6Orionis_DisplayName"", ""Pi6 Orionis"")","4.975806","1.714028","0.258000"
Alnitak,"Orion","Alnitak","NSLOCTEXT(""DT_Stars [40244D7B20E3A662E703191785661A62]"", ""Alnitak_DisplayName"", ""Alnitak"")","5.679311","-1.942583","0.594000"
Alnilam,"Orion","Alnilam","NSLOCTEXT(""DT_Stars [40244D7B20E3A662E703191785661A62]"", ""Alnilam_DisplayName"", ""Alnilam"")","5.603558","-1.201917","0.604000"
Mintaka,"Orion","Mintaka","NSLOCTEXT(""DT_Stars [40244D7B20E3A662E703191785661A62]"", ""Mintaka_DisplayName"", ""Mintaka"")","5.533444","-0.299083","0.540000"
Rigel,"Orion","Rigel","NSLOCTEXT(""DT_Stars [40244D7B20E3A662E703191785661A62]"", ""Rigel_DisplayName"", ""Rigel"")","5.242297","-8.201639","0.794000"
Saiph,"Orion","Saiph","NSLOCTEXT(""DT_Stars [40244D7B20E3A662E703191785661A62]"", ""Saiph_DisplayName"", ""Saiph"")","5.795942","-9.669611","0.557000"
ThetaCanisMajoris,"CanisMajor","ThetaCanisMajoris","NSLOCTEXT(""DT_Stars [40244D7B20E3A662E703191785661A62]"", ""ThetaCanisMajoris_DisplayName"", ""Theta Canis Majoris"")","6.903166","-12.038630","0.311000"
Muliphein,"CanisMajor","Muliphein","NSLOCTEXT(""DT_Stars [40244D7B20E3A662E703191785661A62]"", ""Muliphein_DisplayName"", ""Muliphein"")","7.062637","-15.633286","0.306000"
IotaCanisMajoris,"CanisMajor","IotaCanisMajoris","NSLOCTEXT(""DT_Stars [40244D7B20E3A662E703191785661A62]"", ""IotaCanisMajoris_DisplayName"", ""Iota Canis Majoris"")","6.935619","-17.054250","0.271000"
Sirius,"CanisMajor","Sirius","NSLOCTEXT(""DT_Stars [40244D7B20E3A662E703191785661A62]"", ""Sirius_DisplayName"", ""Sirius"")","6.752477","-16.716116","1.000000"
Omicron2CanisMajoris,"CanisMajor","Omicron2CanisMajoris","NSLOCTEXT(""DT_Stars [40244D7B20E3A662E703191785661A62]"", ""Omicron2CanisMajoris_DisplayName"", ""Omicron2 Canis Majoris"")","7.050409","-23.833292","0.443000"
Wezen,"CanisMajor","Wezen","NSLOCTEXT(""DT_Stars [40244D7B20E3A662E703191785661A62]"", ""Wezen_DisplayName"", ""Wezen"")","7.139857","-26.393200","0.590000"
OmegaCanisMajoris,"CanisMajor","OmegaCanisMajoris","NSLOCTEXT(""DT_Stars [40244D7B20E3A662E703191785661A62]"", ""OmegaCanisMajoris_DisplayName"", ""Omega Canis Majoris"")","7.246850","-26.772694","0.315000"
Aludra,"CanisMajor","Aludra","NSLOCTEXT(""DT_Stars [40244D7B20E3A662E703191785661A62]"", ""Aludra_DisplayName"", ""Aludra"")","7.401584","-29.303106","0.514000"
Adhara,"CanisMajor","Adhara","NSLOCTEXT(""DT_Stars [40244D7B20E3A662E703191785661A62]"", ""Adhara_DisplayName"", ""Adhara"")","6.977097","-28.972086","0.632000"
Unurgunite,"CanisMajor","Unurgunite","NSLOCTEXT(""DT_Stars [40244D7B20E3A662E703191785661A62]"", ""Unurgunite_DisplayName"", ""Unurgunite"")","7.028652","-27.934831","0.387000"
EZCanisMajoris,"CanisMajor","EZCanisMajoris","NSLOCTEXT(""DT_Stars [40244D7B20E3A662E703191785661A62]"", ""EZCanisMajoris_DisplayName"", ""EZ Canis Majoris"")","6.903625","-23.928361","0.020000"
Nu2CanisMajoris,"CanisMajor","Nu2CanisMajoris","NSLOCTEXT(""DT_Stars [40244D7B20E3A662E703191785661A62]"", ""Nu2CanisMajoris_DisplayName"", ""Nu2 Canis Majoris"")","6.611399","-19.255881","0.323000"
Xi2CanisMajoris,"CanisMajor","Xi2CanisMajoris","NSLOCTEXT(""DT_Stars [40244D7B20E3A662E703191785661A62]"", ""Xi2CanisMajoris_DisplayName"", ""Xi2 Canis Majoris"")","6.584275","-22.964788","0.259000"
Mirzam,"CanisMajor","Mirzam","NSLOCTEXT(""DT_Stars [40244D7B20E3A662E703191785661A62]"", ""Mirzam_DisplayName"", ""Mirzam"")","6.378329","-17.955919","0.574000"
Furud,"CanisMajor","Furud","NSLOCTEXT(""DT_Stars [40244D7B20E3A662E703191785661A62]"", ""Furud_DisplayName"", ""Furud"")","6.338553","-30.063367","0.446000"
KappaCanisMajoris,"CanisMajor","KappaCanisMajoris","NSLOCTEXT(""DT_Stars [40244D7B20E3A662E703191785661A62]"", ""KappaCanisMajoris_DisplayName"", ""Kappa Canis Majoris"")","6.830683","-32.508478","0.335000"
OmicronTauri,"Taurus","OmicronTauri","NSLOCTEXT(""DT_Stars [40244D7B20E3A662E703191785661A62]"", ""OmicronTauri_DisplayName"", ""Omicron Tauri"")","3.413567","9.029056","0.365000"
LambdaTauri,"Taurus","LambdaTauri","NSLOCTEXT(""DT_Stars [40244D7B20E3A662E703191785661A62]"", ""LambdaTauri_DisplayName"", ""Lambda Tauri"")","4.011339","12.490389","0.390000"
GammaTauri,"Taurus","GammaTauri","NSLOCTEXT(""DT_Stars [40244D7B20E3A662E703191785661A62]"", ""GammaTauri_DisplayName"", ""Gamma Tauri"")","4.329890","15.627643","0.365000"
Theta2Tauri,"Taurus","Theta2Tauri","NSLOCTEXT(""DT_Stars [40244D7B20E3A662E703191785661A62]"", ""Theta2Tauri_DisplayName"", ""Theta2 Tauri"")","4.477706","15.870882","0.395000"
Delta1Tauri,"Taurus","Delta1Tauri","NSLOCTEXT(""DT_Stars [40244D7B20E3A662E703191785661A62]"", ""Delta1Tauri_DisplayName"", ""Delta1 Tauri"")","4.382248","17.542514","0.351000"
Delta3Tauri,"Taurus","Delta3Tauri","NSLOCTEXT(""DT_Stars [40244D7B20E3A662E703191785661A62]"", ""Delta3Tauri_DisplayName"", ""Delta3 Tauri"")","4.424811","17.928000","0.276000"
TauTauri,"Taurus","TauTauri","NSLOCTEXT(""DT_Stars [40244D7B20E3A662E703191785661A62]"", ""TauTauri_DisplayName"", ""Tau Tauri"")","4.704084","22.956923","0.289000"
ZetaTauri,"Taurus","ZetaTauri","NSLOCTEXT(""DT_Stars [40244D7B20E3A662E703191785661A62]"", ""ZetaTauri_DisplayName"", ""Zeta Tauri"")","5.627411","21.142583","0.440000"
Aldebaran,"Taurus","Aldebaran","NSLOCTEXT(""DT_Stars [40244D7B20E3A662E703191785661A62]"", ""Aldebaran_DisplayName"", ""Aldebaran"")","4.598678","16.509302","0.712000"
Ain,"Taurus","Ain","NSLOCTEXT(""DT_Stars [40244D7B20E3A662E703191785661A62]"", ""Ain_DisplayName"", ""Ain"")","4.476944","19.180429","0.380000"
Elnath,"Taurus","Elnath","NSLOCTEXT(""DT_Stars [40244D7B20E3A662E703191785661A62]"", ""Elnath_DisplayName"", ""Elnath"")","5.438198","28.607452","0.613000"
Alcyone,"Taurus","Alcyone","NSLOCTEXT(""DT_Stars [40244D7B20E3A662E703191785661A62]"", ""Alcyone_DisplayName"", ""Alcyone"")","3.791410","24.105136","0.462000"
Almach_Andromeda,"Andromeda","HIP9640","NSLOCTEXT(""DT_Stars [40244D7B20E3A662E703191785661A62]"", ""Almach_Andromeda_DisplayName"", ""Almach"")","2.064987","42.329725","0.573000"
Alpheratz_Andromeda,"Andromeda","HIP677","NSLOCTEXT(""DT_Stars [40244D7B20E3A662E703191785661A62]"", ""Alpheratz_Andromeda_DisplayName"", ""Alpheratz"")","0.139794","29.090432","0.576000"
HIP113726_Andromeda,"Andromeda","HIP113726","NSLOCTEXT(""DT_Stars [40244D7B20E3A662E703191785661A62]"", ""HIP113726_Andromeda_DisplayName"", ""HIP 113726"")","23.032018","42.325979","0.390000"
HIP116584_Andromeda,"Andromeda","HIP116584","NSLOCTEXT(""DT_Stars [40244D7B20E3A662E703191785661A62]"", ""HIP116584_Andromeda_DisplayName"", ""HIP 116584"")","23.626067","46.458152","0.368000"
HIP116631_Andromeda,"Andromeda","HIP116631","NSLOCTEXT(""DT_Stars [40244D7B20E3A662E703191785661A62]"", ""HIP116631_Andromeda_DisplayName"", ""HIP 116631"")","23.635611","43.268073","0.310000"
HIP116805_Andromeda,"Andromeda","HIP116805","NSLOCTEXT(""DT_Stars [40244D7B20E3A662E703191785661A62]"", ""HIP116805_Andromeda_DisplayName"", ""HIP 116805"")","23.673474","44.333932","0.327000"
HIP1473_Andromeda,"Andromeda","HIP1473","NSLOCTEXT(""DT_Stars [40244D7B20E3A662E703191785661A62]"", ""HIP1473_Andromeda_DisplayName"", ""HIP 1473"")","0.305460","36.785224","0.284000"
HIP2912_Andromeda,"Andromeda","HIP2912","NSLOCTEXT(""DT_Stars [40244D7B20E3A662E703191785661A62]"", ""HIP2912_Andromeda_DisplayName"", ""HIP 2912"")","0.614680","33.719344","0.304000"
HIP3031_Andromeda,"Andromeda","HIP3031","NSLOCTEXT(""DT_Stars [40244D7B20E3A662E703191785661A62]"", ""HIP3031_Andromeda_DisplayName"", ""HIP 3031"")","0.642596","29.311751","0.304000"
HIP3092_Andromeda,"Andromeda","HIP3092","NSLOCTEXT(""DT_Stars [40244D7B20E3A662E703191785661A62]"", ""HIP3092_Andromeda_DisplayName"", ""HIP 3092"")","0.655465","30.861024","0.432000"
HIP3693_Andromeda,"Andromeda","HIP3693","NSLOCTEXT(""DT_Stars [40244D7B20E3A662E703191785661A62]"", ""HIP3693_Andromeda_DisplayName"", ""HIP 3693"")","0.788979","24.267178","0.335000"
HIP3881_Andromeda,"Andromeda","HIP3881","NSLOCTEXT(""DT_Stars [40244D7B20E3A662E703191785661A62]"", ""HIP3881_Andromeda_DisplayName"", ""HIP 3881"")","0.830235","41.078911","0.281000"
HIP4436_Andromeda,"Andromeda","HIP4436","NSLOCTEXT(""DT_Stars [40244D7B20E3A662E703191785661A62]"", ""HIP4436_Andromeda_DisplayName"", ""HIP 4436"")","0.945892","38.499345","0.362000"
HIP4463_Andromeda,"Andromeda","HIP4463","NSLOCTEXT(""DT_Stars [40244D7B20E3A662E703191785661A62]"", ""HIP4463_Andromeda_DisplayName"", ""HIP 4463"")","0.953444","23.417648","0.297000"
HIP5434_Andromeda,"Andromeda","HIP5434","NSLOCTEXT(""DT_Stars [40244D7B20E3A662E703191785661A62]"", ""HIP5434_Andromeda_DisplayName"", ""HIP 5434"")","1.158368","47.241792","0.314000"
Mirach_Andromeda,"Andromeda","HIP5447","NSLOCTEXT(""DT_Stars [40244D7B20E3A662E703191785661A62]"", ""Mirach_Andromeda_DisplayName"", ""Mirach"")","1.162201","35.620558","0.576000"
Nembus_Andromeda,"Andromeda","HIP7607","NSLOCTEXT(""DT_Stars [40244D7B20E3A662E703191785661A62]"", ""Nembus_Andromeda_DisplayName"", ""Nembus"")","1.633210","48.628213","0.394000"
HIP46515_Antlia,"Antlia","HIP46515","NSLOCTEXT(""DT_Stars [40244D7B20E3A662E703191785661A62]"", ""HIP46515_Antlia_DisplayName"", ""HIP 46515"")","9.487422","-35.951335","0.284000"
HIP51172_Antlia,"Antlia","HIP51172","NSLOCTEXT(""DT_Stars [40244D7B20E3A662E703191785661A62]"", ""HIP51172_Antlia_DisplayName"", ""HIP 51172"")","10.452528","-31.067779","0.311000"
HIP53502_Antlia,"Antlia","HIP53502","NSLOCTEXT(""DT_Stars [40244D7B20E3A662E703191785661A62]"", ""HIP53502_Antlia_DisplayName"", ""HIP 53502"")","10.945292","-37.137766","0.273000"
HIP72370_Apus,"Apus","HIP72370","NSLOCTEXT(""DT_Stars [40244D7B20E3A662E703191785661A62]"", ""HIP72370_Apus_DisplayName"", ""HIP 72370"")","14.797697","-79.044751","0.365000"
HIP80047_Apus,"Apus","HIP80047","NSLOCTEXT(""DT_Stars [40244D7B20E3A662E703191785661A62]"", ""HIP80047_Apus_DisplayName"", ""HIP 80047"")","16.339113","-78.695745","0.263000"
HIP81065_Apus,"Apus","HIP81065","NSLOCTEXT(""DT_Stars [40244D7B20E3A662E703191785661A62]"", ""HIP81065_Apus_DisplayName"", ""HIP 81065"")","16.557523","-78.897148","0.362000"
HIP81852_Apus,"Apus","HIP81852","NSLOCTEXT(""DT_Stars [40244D7B20E3A662E703191785661A62]"", ""HIP81852_Apus_DisplayName"", ""HIP 81852"")","16.717960","-77.517435","0.317000"
Albali_Aquarius,"Aquarius","HIP102618","NSLOCTEXT(""DT_Stars [40244D7B20E3A662E703191785661A62]"", ""Albali_Aquarius_DisplayName"", ""Albali"")","20.794598","-9.495776","0.371000"
Ancha_Aquarius,"Aquarius","HIP110003","NSLOCTEXT(""DT_Stars [40244D7B20E3A662E703191785661A62]"", ""Ancha_Aquarius_DisplayName"", ""Ancha"")","22.280566","-7.783290","0.324000"
HIP109139_Aquarius,"Aquarius","HIP109139","NSLOCTEXT(""DT_Stars [40244D7B20E3A662E703191785661A62]"", ""HIP109139_Aquarius_DisplayName"", ""HIP 109139"")","22.107286","-13.869679","0.310000"
HIP111497_Aquarius,"Aquarius","HIP111497","NSLOCTEXT(""DT_Stars [40244D7B20E3A662E703191785661A62]"", ""HIP111497_Aquarius_DisplayName"", ""HIP 111497"")","22.589272","-0.117498","0.340000"
HIP112716_Aquarius,"Aquarius","HIP112716","NSLOCTEXT(""DT_Stars [40244D7B20E3A662E703191785661A62]"", ""HIP112716_Aquarius_DisplayName"", ""HIP 112716"")","22.826528","-13.592632","0.339000"
HIP114341_Aquarius,"Aquarius","HIP114341","NSLOCTEXT(""DT_Stars [40244D7B20E3A662E703191785661A62]"", ""HIP114341_Aquarius_DisplayName"", ""HIP 114341"")","23.157444","-21.172410","0.383000"
HIP114724_Aquarius,"Aquarius","HIP114724","NSLOCTEXT(""DT_Stars [40244D7B20E3A662E703191785661A62]"", ""HIP114724_Aquarius_DisplayName"", ""HIP 114724"")","23.238711","-6.049003","0.318000"
HIP115033_Aquarius,"Aquarius","HIP115033","NSLOCTEXT(""DT_Stars [40244D7B20E3A662E703191785661A62]"", ""HIP115033_Aquarius_DisplayName"", ""HIP 115033"")","23.298393","-9.182513","0.296000"
HIP115438_Aquarius,"Aquarius","HIP115438","NSLOCTEXT(""DT_Stars [40244D7B20E3A662E703191785661A62]"", ""HIP115438_Aquarius_DisplayName"", ""HIP 115438"")","23.382841","-20.100580","0.350000"
Hydor_Aquarius,"Aquarius","HIP112961","NSLOCTEXT(""DT_Stars [40244D7B20E3A662E703191785661A62]"", ""Hydor_Aquarius_DisplayName"", ""Hydor"")","22.876910","-7.579599","0.377000"
Sadachbia_Aquarius,"Aquarius","HIP110395","NSLOCTEXT(""DT_Stars [40244D7B20E3A662E703191785661A62]"", ""Sadachbia_Aquarius_DisplayName"", ""Sadachbia"")","22.360938","-1.387332","0.362000"
Sadalmelik_Aquarius,"Aquarius","HIP109074","NSLOCTEXT(""DT_Stars [40244D7B20E3A662E703191785661A62]"", ""Sadalmelik_Aquarius_DisplayName"", ""Sadalmelik"")","22.096399","-0.319851","0.471000"
Sadalsuud_Aquarius,"Aquarius","HIP106278","NSLOCTEXT(""DT_Stars [40244D7B20E3A662E703191785661A62]"", ""Sadalsuud_Aquarius_DisplayName"", ""Sadalsuud"")","21.525982","-5.571172","0.477000"
Sadaltager_Aquarius,"Aquarius","HIP110960","NSLOCTEXT(""DT_Stars [40244D7B20E3A662E703191785661A62]"", ""Sadaltager_Aquarius_DisplayName"", ""Sadaltager"")","22.480531","-0.019972","0.387000"
Seat_Aquarius,"Aquarius","HIP110672","NSLOCTEXT(""DT_Stars [40244D7B20E3A662E703191785661A62]"", ""Seat_Aquarius_DisplayName"", ""Seat"")","22.421284","1.377401","0.249000"
Skat_Aquarius,"Aquarius","HIP113136","NSLOCTEXT(""DT_Stars [40244D7B20E3A662E703191785661A62]"", ""Skat_Aquarius_DisplayName"", ""Skat"")","22.910837","-15.820820","0.432000"
AlThalimainPosterior_Aquila,"Aquila","HIP96468","NSLOCTEXT(""DT_Stars [40244D7B20E3A662E703191785661A62]"", ""AlThalimainPosterior_Aquila_DisplayName"", ""Al Thalimain Posterior"")","19.612022","-1.286601","0.302000"
AlThalimainPrior_Aquila,"Aquila","HIP93805","NSLOCTEXT(""DT_Stars [40244D7B20E3A662E703191785661A62]"", ""AlThalimainPrior_Aquila_DisplayName"", ""Al Thalimain Prior"")","19.104150","-4.882554","0.413000"
AlmizanIII_Aquila,"Aquila","HIP99473","NSLOCTEXT(""DT_Stars [40244D7B20E3A662E703191785661A62]"", ""AlmizanIII_Aquila_DisplayName"", ""Almizan III"")","20.188413","-0.821461","0.436000"
AlmizanII_Aquila,"Aquila","HIP97804","NSLOCTEXT(""DT_Stars [40244D7B20E3A662E703191785661A62]"", ""AlmizanII_Aquila_DisplayName"", ""Almizan II"")","19.874547","1.005661","0.360000"
AlmizanI_Aquila,"Aquila","HIP95501","NSLOCTEXT(""DT_Stars [40244D7B20E3A662E703191785661A62]"", ""AlmizanI_Aquila_DisplayName"", ""Almizan I"")","19.424972","3.114775","0.422000"
Alshain_Aquila,"Aquila","HIP98036","NSLOCTEXT(""DT_Stars [40244D7B20E3A662E703191785661A62]"", ""Alshain_Aquila_DisplayName"", ""Alshain"")","19.921887","6.406763","0.380000"
Altair_Aquila,"Aquila","HIP97649","NSLOCTEXT(""DT_Stars [40244D7B20E3A662E703191785661A62]"", ""Altair_Aquila_DisplayName"", ""Altair"")","19.846389","8.868322","0.734000"
DenebalOkabBorealis_Aquila,"Aquila","HIP93244","NSLOCTEXT(""DT_Stars [40244D7B20E3A662E703191785661A62]"", ""DenebalOkabBorealis_Aquila_DisplayName"", ""Deneb al Okab Borealis"")","18.993710","15.068298","0.342000"
HIP93429_Aquila,"Aquila","HIP93429","NSLOCTEXT(""DT_Stars [40244D7B20E3A662E703191785661A62]"", ""HIP93429_Aquila_DisplayName"", ""HIP 93429"")","19.028008","-5.739115","0.342000"
Okab_Aquila,"Aquila","HIP93747","NSLOCTEXT(""DT_Stars [40244D7B20E3A662E703191785661A62]"", ""Okab_Aquila_DisplayName"", ""Okab"")","19.090169","13.863478","0.466000"
Tarazed_Aquila,"Aquila","HIP97278","NSLOCTEXT(""DT_Stars [40244D7B20E3A662E703191785661A62]"", ""Tarazed_Aquila_DisplayName"", ""Tarazed"")","19.770994","10.613261","0.498000"
HIP82363_Ara,"Ara","HIP82363","NSLOCTEXT(""DT_Stars [40244D7B20E3A662E703191785661A62]"", ""HIP82363_Ara_DisplayName"", ""HIP 82363"")","16.829766","-59.041378","0.372000"
HIP83081_Ara,"Ara","HIP83081","NSLOCTEXT(""DT_Stars [40244D7B20E3A662E703191785661A62]"", ""HIP83081_Ara_DisplayName"", ""HIP 83081"")","16.977003","-55.990141","0.450000"
HIP83153_Ara,"Ara","HIP83153","NSLOCTEXT(""DT_Stars [40244D7B20E3A662E703191785661A62]"", ""HIP83153_Ara_DisplayName"", ""HIP 83153"")","16.993069","-53.160438","0.338000"
HIP85258_Ara,"Ara","HIP85258","NSLOCTEXT(""DT_Stars [40244D7B20E3A662E703191785661A62]"", ""HIP85258_Ara_DisplayName"", ""HIP 85258"")","17.421664","-55.529884","0.484000"
HIP85267_Ara,"Ara","HIP85267","NSLOCTEXT(""DT_Stars [40244D7B20E3A662E703191785661A62]"", ""HIP85267_Ara_DisplayName"", ""HIP 85267"")","17.423239","-56.377727","0.428000"
HIP85727_Ara,"Ara","HIP85727","NSLOCTEXT(""DT_Stars [40244D7B20E3A662E703191785661A62]"", ""HIP85727_Ara_DisplayName"", ""HIP 85727"")","17.518309","-60.683848","0.393000"
HIP85792_Ara,"Ara","HIP85792","NSLOCTEXT(""DT_Stars [40244D7B20E3A662E703191785661A62]"", ""HIP85792_Ara_DisplayName"", ""HIP 85792"")","17.530693","-49.876145","0.484000"
HIP88714_Ara,"Ara","HIP88714","NSLOCTEXT(""DT_Stars [40244D7B20E3A662E703191785661A62]"", ""HIP88714_Ara_DisplayName"", ""HIP 88714"")","18.110520","-50.091477","0.387000"
Bharani_Aries,"Aries","HIP13209","NSLOCTEXT(""DT_Stars [40244D7B20E3A662E703191785661A62]"", ""Bharani_Aries_DisplayName"", ""Bharani"")","2.833065","27.260507","0.392000"
Hamal_Aries,"Aries","HIP9884","NSLOCTEXT(""DT_Stars [40244D7B20E3A662E703191785661A62]"", ""Hamal_Aries_DisplayName"", ""Hamal"")","2.119558","23.462423","0.584000"
Mesarthim_Aries,"Aries","HIP8832","NSLOCTEXT(""DT_Stars [40244D7B20E3A662E703191785661A62]"", ""Mesarthim_Aries_DisplayName"", ""Mesarthim"")","1.892171","19.293852","0.359000"
Sheratan_Aries,"Aries","HIP8903","NSLOCTEXT(""DT_Stars [40244D7B20E3A662E703191785661A62]"", ""Sheratan_Aries_DisplayName"", ""Sheratan"")","1.910669","20.808035","0.508000"
Almaaz_Auriga,"Auriga","HIP23416","NSLOCTEXT(""DT_Stars [40244D7B20E3A662E703191785661A62]"", ""Almaaz_Auriga_DisplayName"", ""Almaaz"")","5.032815","43.823308","0.461000"
Capella_Auriga,"Auriga","HIP24608","NSLOCTEXT(""DT_Stars [40244D7B20E3A662E703191785661A62]"", ""Capella_Auriga_DisplayName"", ""Capella"")","5.278155","45.997991","0.815000"
Elnath_Auriga,"Auriga","HIP25428","NSLOCTEXT(""DT_Stars [40244D7B20E3A662E703191785661A62]"", ""Elnath_Auriga_DisplayName"", ""Elnath"")","5.438198","28.607450","0.627000"
HIP28358_Auriga,"Auriga","HIP28358","NSLOCTEXT(""DT_Stars [40244D7B20E3A662E703191785661A62]"", ""HIP28358_Auriga_DisplayName"", ""HIP 28358"")","5.992121","54.284656","0.378000"
Haedus_Auriga,"Auriga","HIP23767","NSLOCTEXT(""DT_Stars [40244D7B20E3A662E703191785661A62]"", ""Haedus_Auriga_DisplayName"", ""Haedus"")","5.108581","41.234474","0.443000"
Hassaleh_Auriga,"Auriga","HIP23015","NSLOCTEXT(""DT_Stars [40244D7B20E3A662E703191785661A62]"", ""Hassaleh_Auriga_DisplayName"", ""Hassaleh"")","4.949894","33.166090","0.502000"
Mahasim_Auriga,"Auriga","HIP28380","NSLOCTEXT(""DT_Stars [40244D7B20E3A662E703191785661A62]"", ""Mahasim_Auriga_DisplayName"", ""Mahasim"")","5.995352","37.212585","0.507000"
Menkalinan_Auriga,"Auriga","HIP28360","NSLOCTEXT(""DT_Stars [40244D7B20E3A662E703191785661A62]"", ""Menkalinan_Auriga_DisplayName"", ""Menkalinan"")","5.992145","44.947433","0.597000"
Saclateni_Auriga,"Auriga","HIP23453","NSLOCTEXT(""DT_Stars [40244D7B20E3A662E703191785661A62]"", ""Saclateni_Auriga_DisplayName"", ""Saclateni"")","5.041302","41.075837","0.382000"
Arcturus_Bootes,"Bootes","HIP69673","NSLOCTEXT(""DT_Stars [40244D7B20E3A662E703191785661A62]"", ""Arcturus_Bootes_DisplayName"", ""Arcturus"")","14.261020","19.182410","0.831000"
AsellusPrimus_Bootes,"Bootes","HIP70497","NSLOCTEXT(""DT_Stars [40244D7B20E3A662E703191785661A62]"", ""AsellusPrimus_Bootes_DisplayName"", ""Asellus Primus"")","14.419943","51.850744","0.340000"
AsellusTertius_Bootes,"Bootes","HIP69483","NSLOCTEXT(""DT_Stars [40244D7B20E3A662E703191785661A62]"", ""AsellusTertius_Bootes_DisplayName"", ""Asellus Tertius"")","14.224724","51.789965","0.281000"
HIP67275_Bootes,"Bootes","HIP67275","NSLOCTEXT(""DT_Stars [40244D7B20E3A662E703191785661A62]"", ""HIP67275_Bootes_DisplayName"", ""HIP 67275"")","13.787706","17.456906","0.285000"
HIP71053_Bootes,"Bootes","HIP71053","NSLOCTEXT(""DT_Stars [40244D7B20E3A662E703191785661A62]"", ""HIP71053_Bootes_DisplayName"", ""HIP 71053"")","14.530497","30.371437","0.396000"
HIP71795_Bootes,"Bootes","HIP71795","NSLOCTEXT(""DT_Stars [40244D7B20E3A662E703191785661A62]"", ""HIP71795_Bootes_DisplayName"", ""HIP 71795"")","14.685820","13.728300","0.371000"
Izar_Bootes,"Bootes","HIP72105","NSLOCTEXT(""DT_Stars [40244D7B20E3A662E703191785661A62]"", ""Izar_Bootes_DisplayName"", ""Izar"")","14.749783","27.074222","0.543000"
Muphrid_Bootes,"Bootes","HIP67927","NSLOCTEXT(""DT_Stars [40244D7B20E3A662E703191785661A62]"", ""Muphrid_Bootes_DisplayName"", ""Muphrid"")","13.911411","18.397717","0.503000"
Nekkar_Bootes,"Bootes","HIP73555","NSLOCTEXT(""DT_Stars [40244D7B20E3A662E703191785661A62]"", ""Nekkar_Bootes_DisplayName"", ""Nekkar"")","15.032434","40.390566","0.406000"
Seginus_Bootes,"Bootes","HIP71075","NSLOCTEXT(""DT_Stars [40244D7B20E3A662E703191785661A62]"", ""Seginus_Bootes_DisplayName"", ""Seginus"")","14.534631","38.308253","0.460000"
Thiba_Bootes,"Bootes","HIP74666","NSLOCTEXT(""DT_Stars [40244D7B20E3A662E703191785661A62]"", ""Thiba_Bootes_DisplayName"", ""Thiba"")","15.258379","33.314833","0.410000"
Xuange_Bootes,"Bootes","HIP69732","NSLOCTEXT(""DT_Stars [40244D7B20E3A662E703191785661A62]"", ""Xuange_Bootes_DisplayName"", ""Xuange"")","14.273061","46.088305","0.323000"
HIP21060_Caelum,"Caelum","HIP21060","NSLOCTEXT(""DT_Stars [40244D7B20E3A662E703191785661A62]"", ""HIP21060_Caelum_DisplayName"", ""HIP 21060"")","4.513917","-44.953750","0.216000"
HIP21770_Caelum,"Caelum","HIP21770","NSLOCTEXT(""DT_Stars [40244D7B20E3A662E703191785661A62]"", ""HIP21770_Caelum_DisplayName"", ""HIP 21770"")","4.676031","-41.863753","0.292000"
HIP21861_Caelum,"Caelum","HIP21861","NSLOCTEXT(""DT_Stars [40244D7B20E3A662E703191785661A62]"", ""HIP21861_Caelum_DisplayName"", ""HIP 21861"")","4.700967","-37.144297","0.220000"
HIP23595_Caelum,"Caelum","HIP23595","NSLOCTEXT(""DT_Stars [40244D7B20E3A662E703191785661A62]"", ""HIP23595_Caelum_DisplayName"", ""HIP 23595"")","5.073445","-35.482978","0.279000"
HIP16228_Camelopardalis,"Camelopardalis","HIP16228","NSLOCTEXT(""DT_Stars [40244D7B20E3A662E703191785661A62]"", ""HIP16228_Camelopardalis_DisplayName"", ""HIP 16228"")","3.484482","59.940330","0.320000"
HIP17884_Camelopardalis,"Camelopardalis","HIP17884","NSLOCTEXT(""DT_Stars [40244D7B20E3A662E703191785661A62]"", ""HIP17884_Camelopardalis_DisplayName"", ""HIP 17884"")","3.825356","65.525972","0.298000"
HIP17959_Camelopardalis,"Camelopardalis","HIP17959","NSLOCTEXT(""DT_Stars [40244D7B20E3A662E703191785661A62]"", ""HIP17959_Camelopardalis_DisplayName"", ""HIP 17959"")","3.839308","71.332266","0.274000"
HIP22783_Camelopardalis,"Camelopardalis","HIP22783","NSLOCTEXT(""DT_Stars [40244D7B20E3A662E703191785661A62]"", ""HIP22783_Camelopardalis_DisplayName"", ""HIP 22783"")","4.900836","66.342678","0.314000"
HIP23040_Camelopardalis,"Camelopardalis","HIP23040","NSLOCTEXT(""DT_Stars [40244D7B20E3A662E703191785661A62]"", ""HIP23040_Camelopardalis_DisplayName"", ""HIP 23040"")","4.954777","53.752101","0.293000"
HIP23522_Camelopardalis,"Camelopardalis","HIP23522","NSLOCTEXT(""DT_Stars [40244D7B20E3A662E703191785661A62]"", ""HIP23522_Camelopardalis_DisplayName"", ""HIP 23522"")","5.056969","60.442246","0.341000"
HIP29997_Camelopardalis,"Camelopardalis","HIP29997","NSLOCTEXT(""DT_Stars [40244D7B20E3A662E703191785661A62]"", ""HIP29997_Camelopardalis_DisplayName"", ""HIP 29997"")","6.314105","69.319787","0.254000"
HIP33694_Camelopardalis,"Camelopardalis","HIP33694","NSLOCTEXT(""DT_Stars [40244D7B20E3A662E703191785661A62]"", ""HIP33694_Camelopardalis_DisplayName"", ""HIP 33694"")","7.001122","76.977408","0.279000"
Acubens_Cancer,"Cancer","HIP44066","NSLOCTEXT(""DT_Stars [40244D7B20E3A662E703191785661A62]"", ""Acubens_Cancer_DisplayName"", ""Acubens"")","8.974784","11.857701","0.314000"
AsellusAustralis_Cancer,"Cancer","HIP42911","NSLOCTEXT(""DT_Stars [40244D7B20E3A662E703191785661A62]"", ""AsellusAustralis_Cancer_DisplayName"", ""Asellus Australis"")","8.744750","18.154309","0.352000"
AsellusBorealis_Cancer,"Cancer","HIP42806","NSLOCTEXT(""DT_Stars [40244D7B20E3A662E703191785661A62]"", ""AsellusBorealis_Cancer_DisplayName"", ""Asellus Borealis"")","8.721429","21.468501","0.266000"
Tarf_Cancer,"Cancer","HIP40526","NSLOCTEXT(""DT_Stars [40244D7B20E3A662E703191785661A62]"", ""Tarf_Cancer_DisplayName"", ""Tarf"")","8.275256","9.185545","0.401000"
Zubanah_Cancer,"Cancer","HIP43103","NSLOCTEXT(""DT_Stars [40244D7B20E3A662E703191785661A62]"", ""Zubanah_Cancer_DisplayName"", ""Zubanah"")","8.778283","28.759898","0.341000"
Chara_CanesVenatici,"CanesVenatici","HIP61317","NSLOCTEXT(""DT_Stars [40244D7B20E3A662E703191785661A62]"", ""Chara_CanesVenatici_DisplayName"", ""Chara"")","12.562374","41.357480","0.316000"
CorCaroli_CanesVenatici,"CanesVenatici","HIP63125","NSLOCTEXT(""DT_Stars [40244D7B20E3A662E703191785661A62]"", ""CorCaroli_CanesVenatici_DisplayName"", ""Cor Caroli"")","12.933796","38.318380","0.478000"
Gomeisa_CanisMinor,"CanisMinor","HIP36188","NSLOCTEXT(""DT_Stars [40244D7B20E3A662E703191785661A62]"", ""Gomeisa_CanisMinor_DisplayName"", ""Gomeisa"")","7.452512","8.289315","0.478000"
Procyon_CanisMinor,"CanisMinor","HIP37279","NSLOCTEXT(""DT_Stars [40244D7B20E3A662E703191785661A62]"", ""Procyon_CanisMinor_DisplayName"", ""Procyon"")","7.655033","5.224993","0.777000"
Algedi_Capricornus,"Capricornus","HIP100064","NSLOCTEXT(""DT_Stars [40244D7B20E3A662E703191785661A62]"", ""Algedi_Capricornus_DisplayName"", ""Algedi"")","20.300904","-12.544852","0.395000"
Dabih_Capricornus,"Capricornus","HIP100345","NSLOCTEXT(""DT_Stars [40244D7B20E3A662E703191785661A62]"", ""Dabih_Capricornus_DisplayName"", ""Dabih"")","20.350188","-14.781367","0.459000"
DenebAlgedi_Capricornus,"Capricornus","HIP107556","NSLOCTEXT(""DT_Stars [40244D7B20E3A662E703191785661A62]"", ""DenebAlgedi_Capricornus_DisplayName"", ""Deneb Algedi"")","21.784013","-16.127286","0.483000"
HIP102485_Capricornus,"Capricornus","HIP102485","NSLOCTEXT(""DT_Stars [40244D7B20E3A662E703191785661A62]"", ""HIP102485_Capricornus_DisplayName"", ""HIP 102485"")","20.768259","-25.270898","0.329000"
HIP102978_Capricornus,"Capricornus","HIP102978","NSLOCTEXT(""DT_Stars [40244D7B20E3A662E703191785661A62]"", ""HIP102978_Capricornus_DisplayName"", ""HIP 102978"")","20.863692","-26.919133","0.330000"
HIP104139_Capricornus,"Capricornus","HIP104139","NSLOCTEXT(""DT_Stars [40244D7B20E3A662E703191785661A62]"", ""HIP104139_Capricornus_DisplayName"", ""HIP 104139"")","21.099119","-17.232861","0.335000"
HIP105881_Capricornus,"Capricornus","HIP105881","NSLOCTEXT(""DT_Stars [40244D7B20E3A662E703191785661A62]"", ""HIP105881_Capricornus_DisplayName"", ""HIP 105881"")","21.444452","-22.411332","0.372000"
HIP106723_Capricornus,"Capricornus","HIP106723","NSLOCTEXT(""DT_Stars [40244D7B20E3A662E703191785661A62]"", ""HIP106723_Capricornus_DisplayName"", ""HIP 106723"")","21.618009","-19.466012","0.284000"
Nashira_Capricornus,"Capricornus","HIP106985","NSLOCTEXT(""DT_Stars [40244D7B20E3A662E703191785661A62]"", ""Nashira_Capricornus_DisplayName"", ""Nashira"")","21.668182","-16.662308","0.382000"
Alsephina_Carina,"Carina","HIP42913","NSLOCTEXT(""DT_Stars [40244D7B20E3A662E703191785661A62]"", ""Alsephina_Carina_DisplayName"", ""Alsephina"")","8.745063","-54.708821","0.593000"
Aspidiske_Carina,"Carina","HIP45556","NSLOCTEXT(""DT_Stars [40244D7B20E3A662E703191785661A62]"", ""Aspidiske_Carina_DisplayName"", ""Aspidiske"")","9.284835","-59.275229","0.560000"
Avior_Carina,"Carina","HIP41037","NSLOCTEXT(""DT_Stars [40244D7B20E3A662E703191785661A62]"", ""Avior_Carina_DisplayName"", ""Avior"")","8.375232","-59.509483","0.602000"
Canopus_Carina,"Carina","HIP30438","NSLOCTEXT(""DT_Stars [40244D7B20E3A662E703191785661A62]"", ""Canopus_Carina_DisplayName"", ""Canopus"")","6.399197","-52.695660","0.899000"
HIP38827_Carina,"Carina","HIP38827","NSLOCTEXT(""DT_Stars [40244D7B20E3A662E703191785661A62]"", ""HIP38827_Carina_DisplayName"", ""HIP 38827"")","7.946310","-52.982360","0.410000"
HIP50099_Carina,"Carina","HIP50099","NSLOCTEXT(""DT_Stars [40244D7B20E3A662E703191785661A62]"", ""HIP50099_Carina_DisplayName"", ""HIP 50099"")","10.228949","-70.037903","0.430000"
HIP50371_Carina,"Carina","HIP50371","NSLOCTEXT(""DT_Stars [40244D7B20E3A662E703191785661A62]"", ""HIP50371_Carina_DisplayName"", ""HIP 50371"")","10.284715","-61.332304","0.418000"
HIP51576_Carina,"Carina","HIP51576","NSLOCTEXT(""DT_Stars [40244D7B20E3A662E703191785661A62]"", ""HIP51576_Carina_DisplayName"", ""HIP 51576"")","10.533740","-61.685333","0.429000"
HIP52419_Carina,"Carina","HIP52419","NSLOCTEXT(""DT_Stars [40244D7B20E3A662E703191785661A62]"", ""HIP52419_Carina_DisplayName"", ""HIP 52419"")","10.715945","-64.394450","0.496000"
HIP53253_Carina,"Carina","HIP53253","NSLOCTEXT(""DT_Stars [40244D7B20E3A662E703191785661A62]"", ""HIP53253_Carina_DisplayName"", ""HIP 53253"")","10.891571","-58.853171","0.371000"
HIP54301_Carina,"Carina","HIP54301","NSLOCTEXT(""DT_Stars [40244D7B20E3A662E703191785661A62]"", ""HIP54301_Carina_DisplayName"", ""HIP 54301"")","11.109008","-62.424113","0.270000"
HIP54463_Carina,"Carina","HIP54463","NSLOCTEXT(""DT_Stars [40244D7B20E3A662E703191785661A62]"", ""HIP54463_Carina_DisplayName"", ""HIP 54463"")","11.143164","-58.975037","0.353000"
HIP54751_Carina,"Carina","HIP54751","NSLOCTEXT(""DT_Stars [40244D7B20E3A662E703191785661A62]"", ""HIP54751_Carina_DisplayName"", ""HIP 54751"")","11.210004","-60.317625","0.274000"
Miaplacidus_Carina,"Carina","HIP45238","NSLOCTEXT(""DT_Stars [40244D7B20E3A662E703191785661A62]"", ""Miaplacidus_Carina_DisplayName"", ""Miaplacidus"")","9.219993","-69.717208","0.624000"
Regor_Carina,"Carina","HIP39953","NSLOCTEXT(""DT_Stars [40244D7B20E3A662E703191785661A62]"", ""Regor_Carina_DisplayName"", ""Regor"")","8.158875","-47.336588","0.615000"
Caph_Cassiopeia,"Cassiopeia","HIP746","NSLOCTEXT(""DT_Stars [40244D7B20E3A662E703191785661A62]"", ""Caph_Cassiopeia_DisplayName"", ""Caph"")","0.152968","59.149780","0.551000"
Navi_Cassiopeia,"Cassiopeia","HIP4427","NSLOCTEXT(""DT_Stars [40244D7B20E3A662E703191785661A62]"", ""Navi_Cassiopeia_DisplayName"", ""Navi"")","0.945148","60.716740","0.567000"
Ruchbah_Cassiopeia,"Cassiopeia","HIP6686","NSLOCTEXT(""DT_Stars [40244D7B20E3A662E703191785661A62]"", ""Ruchbah_Cassiopeia_DisplayName"", ""Ruchbah"")","1.430265","60.235283","0.506000"
Segin_Cassiopeia,"Cassiopeia","HIP8886","NSLOCTEXT(""DT_Stars [40244D7B20E3A662E703191785661A62]"", ""Segin_Cassiopeia_DisplayName"", ""Segin"")","1.906590","63.670102","0.423000"
Shedar_Cassiopeia,"Cassiopeia","HIP3179","NSLOCTEXT(""DT_Stars [40244D7B20E3A662E703191785661A62]"", ""Shedar_Cassiopeia_DisplayName"", ""Shedar"")","0.675122","56.537331","0.556000"
Alnair_Centaurus,"Centaurus","HIP68002","NSLOCTEXT(""DT_Stars [40244D7B20E3A662E703191785661A62]"", ""Alnair_Centaurus_DisplayName"", ""Alnair"")","13.925663","-47.288375","0.519000"
AlphaCentauri_Centaurus,"Centaurus","HIP71683","NSLOCTEXT(""DT_Stars [40244D7B20E3A662E703191785661A62]"", ""AlphaCentauri_Centaurus_DisplayName"", ""Alpha Centauri"")","14.660138","-60.833975","0.826000"
HIP55425_Centaurus,"Centaurus","HIP55425","NSLOCTEXT(""DT_Stars [40244D7B20E3A662E703191785661A62]"", ""HIP55425_Centaurus_DisplayName"", ""HIP 55425"")","11.350113","-54.491019","0.357000"
HIP56243_Centaurus,"Centaurus","HIP56243","NSLOCTEXT(""DT_Stars [40244D7B20E3A662E703191785661A62]"", ""HIP56243_Centaurus_DisplayName"", ""HIP 56243"")","11.529463","-59.442061","0.216000"
HIP59196_Centaurus,"Centaurus","HIP59196","NSLOCTEXT(""DT_Stars [40244D7B20E3A662E703191785661A62]"", ""HIP59196_Centaurus_DisplayName"", ""HIP 59196"")","12.139306","-50.722426","0.515000"
HIP59449_Centaurus,"Centaurus","HIP59449","NSLOCTEXT(""DT_Stars [40244D7B20E3A662E703191785661A62]"", ""HIP59449_Centaurus_DisplayName"", ""HIP 59449"")","12.194198","-52.368460","0.348000"
HIP60823_Centaurus,"Centaurus","HIP60823","NSLOCTEXT(""DT_Stars [40244D7B20E3A662E703191785661A62]"", ""HIP60823_Centaurus_DisplayName"", ""HIP 60823"")","12.467328","-50.230635","0.356000"
HIP61789_Centaurus,"Centaurus","HIP61789","NSLOCTEXT(""DT_Stars [40244D7B20E3A662E703191785661A62]"", ""HIP61789_Centaurus_DisplayName"", ""HIP 61789"")","12.664592","-39.987302","0.269000"
HIP65109_Centaurus,"Centaurus","HIP65109","NSLOCTEXT(""DT_Stars [40244D7B20E3A662E703191785661A62]"", ""HIP65109_Centaurus_DisplayName"", ""HIP 65109"")","13.343283","-36.712295","0.495000"
HIP65936_Centaurus,"Centaurus","HIP65936","NSLOCTEXT(""DT_Stars [40244D7B20E3A662E703191785661A62]"", ""HIP65936_Centaurus_DisplayName"", ""HIP 65936"")","13.517405","-39.407307","0.357000"
HIP66657_Centaurus,"Centaurus","HIP66657","NSLOCTEXT(""DT_Stars [40244D7B20E3A662E703191785661A62]"", ""HIP66657_Centaurus_DisplayName"", ""HIP 66657"")","13.664794","-53.466394","0.550000"
HIP67464_Centaurus,"Centaurus","HIP67464","NSLOCTEXT(""DT_Stars [40244D7B20E3A662E703191785661A62]"", ""HIP67464_Centaurus_DisplayName"", ""HIP 67464"")","13.825077","-41.687709","0.416000"
HIP68245_Centaurus,"Centaurus","HIP68245","NSLOCTEXT(""DT_Stars [40244D7B20E3A662E703191785661A62]"", ""HIP68245_Centaurus_DisplayName"", ""HIP 68245"")","13.971185","-42.100753","0.365000"
HIP68282_Centaurus,"Centaurus","HIP68282","NSLOCTEXT(""DT_Stars [40244D7B20E3A662E703191785661A62]"", ""HIP68282_Centaurus_DisplayName"", ""HIP 68282"")","13.977986","-44.803584","0.360000"
HIP68862_Centaurus,"Centaurus","HIP68862","NSLOCTEXT(""DT_Stars [40244D7B20E3A662E703191785661A62]"", ""HIP68862_Centaurus_DisplayName"", ""HIP 68862"")","14.100769","-41.179633","0.302000"
HIP70090_Centaurus,"Centaurus","HIP70090","NSLOCTEXT(""DT_Stars [40244D7B20E3A662E703191785661A62]"", ""HIP70090_Centaurus_DisplayName"", ""HIP 70090"")","14.342620","-37.885295","0.339000"
HIP71352_Centaurus,"Centaurus","HIP71352","NSLOCTEXT(""DT_Stars [40244D7B20E3A662E703191785661A62]"", ""HIP71352_Centaurus_DisplayName"", ""HIP 71352"")","14.591784","-42.157824","0.545000"
HIP73334_Centaurus,"Centaurus","HIP73334","NSLOCTEXT(""DT_Stars [40244D7B20E3A662E703191785661A62]"", ""HIP73334_Centaurus_DisplayName"", ""HIP 73334"")","14.986024","-42.104194","0.449000"
Hadar_Centaurus,"Centaurus","HIP68702","NSLOCTEXT(""DT_Stars [40244D7B20E3A662E703191785661A62]"", ""Hadar_Centaurus_DisplayName"", ""Hadar"")","14.063723","-60.373039","0.752000"
Menkent_Centaurus,"Centaurus","HIP68933","NSLOCTEXT(""DT_Stars [40244D7B20E3A662E703191785661A62]"", ""Menkent_Centaurus_DisplayName"", ""Menkent"")","14.111375","-36.369954","0.578000"
Muhlifain_Centaurus,"Centaurus","HIP61932","NSLOCTEXT(""DT_Stars [40244D7B20E3A662E703191785661A62]"", ""Muhlifain_Centaurus_DisplayName"", ""Muhlifain"")","12.691955","-48.959888","0.561000"
AlKidr_Cepheus,"Cepheus","HIP101093","NSLOCTEXT(""DT_Stars [40244D7B20E3A662E703191785661A62]"", ""AlKidr_Cepheus_DisplayName"", ""Al Kidr"")","20.493024","62.994105","0.320000"
Alderamin_Cepheus,"Cepheus","HIP105199","NSLOCTEXT(""DT_Stars [40244D7B20E3A662E703191785661A62]"", ""Alderamin_Cepheus_DisplayName"", ""Alderamin"")","21.309659","62.585573","0.531000"
Alfirk_Cepheus,"Cepheus","HIP106032","NSLOCTEXT(""DT_Stars [40244D7B20E3A662E703191785661A62]"", ""Alfirk_Cepheus_DisplayName"", ""Alfirk"")","21.477666","70.560716","0.437000"
Errai_Cepheus,"Cepheus","HIP116727","NSLOCTEXT(""DT_Stars [40244D7B20E3A662E703191785661A62]"", ""Errai_Cepheus_DisplayName"", ""Errai"")","23.655791","77.632276","0.440000"
HIP109492_Cepheus,"Cepheus","HIP109492","NSLOCTEXT(""DT_Stars [40244D7B20E3A662E703191785661A62]"", ""HIP109492_Cepheus_DisplayName"", ""HIP 109492"")","22.180910","58.201261","0.418000"
HIP109857_Cepheus,"Cepheus","HIP109857","NSLOCTEXT(""DT_Stars [40244D7B20E3A662E703191785661A62]"", ""HIP109857_Cepheus_DisplayName"", ""HIP 109857"")","22.250608","57.043587","0.323000"
HIP110991_Cepheus,"Cepheus","HIP110991","NSLOCTEXT(""DT_Stars [40244D7B20E3A662E703191785661A62]"", ""HIP110991_Cepheus_DisplayName"", ""HIP 110991"")","22.486185","58.415199","0.336000"
HIP112724_Cepheus,"Cepheus","HIP112724","NSLOCTEXT(""DT_Stars [40244D7B20E3A662E703191785661A62]"", ""HIP112724_Cepheus_DisplayName"", ""HIP 112724"")","22.828005","66.200408","0.405000"
Kabalfird_Cepheus,"Cepheus","HIP102422","NSLOCTEXT(""DT_Stars [40244D7B20E3A662E703191785661A62]"", ""Kabalfird_Cepheus_DisplayName"", ""Kabalfird"")","20.754826","61.838782","0.416000"
TheGarnetStar_Cepheus,"Cepheus","HIP107259","NSLOCTEXT(""DT_Stars [40244D7B20E3A662E703191785661A62]"", ""TheGarnetStar_Cepheus_DisplayName"", ""The Garnet Star"")","21.725128","58.780046","0.317000"
AlKaffalJidhmahIII_Cetus,"Cetus","HIP12387","NSLOCTEXT(""DT_Stars [40244D7B20E3A662E703191785661A62]"", ""AlKaffalJidhmahIII_Cetus_DisplayName"", ""Al Kaff al Jidhmah III"")","2.658044","0.328511","0.335000"
AlKaffalJidhmahII_Cetus,"Cetus","HIP11484","NSLOCTEXT(""DT_Stars [40244D7B20E3A662E703191785661A62]"", ""AlKaffalJidhmahII_Cetus_DisplayName"", ""Al Kaff al Jidhmah II"")","2.469317","8.460054","0.309000"
AlNaymatII_Cetus,"Cetus","HIP8102","NSLOCTEXT(""DT_Stars [40244D7B20E3A662E703191785661A62]"", ""AlNaymatII_Cetus_DisplayName"", ""Al Naymat II"")","1.734467","-15.937480","0.406000"
AlNaymatI_Cetus,"Cetus","HIP6537","NSLOCTEXT(""DT_Stars [40244D7B20E3A662E703191785661A62]"", ""AlNaymatI_Cetus_DisplayName"", ""Al Naymat I"")","1.400390","-8.183257","0.393000"
BatenKaitos_Cetus,"Cetus","HIP8645","NSLOCTEXT(""DT_Stars [40244D7B20E3A662E703191785661A62]"", ""BatenKaitos_Cetus_DisplayName"", ""Baten Kaitos"")","1.857676","-10.335038","0.376000"
DenebKaitosShemali_Cetus,"Cetus","HIP1562","NSLOCTEXT(""DT_Stars [40244D7B20E3A662E703191785661A62]"", ""DenebKaitosShemali_Cetus_DisplayName"", ""Deneb Kaitos Shemali"")","0.323798","-8.823921","0.398000"
Dheneb_Cetus,"Cetus","HIP5364","NSLOCTEXT(""DT_Stars [40244D7B20E3A662E703191785661A62]"", ""Dheneb_Cetus_DisplayName"", ""Dheneb"")","1.143164","-10.182264","0.410000"
Diphda_Cetus,"Cetus","HIP3419","NSLOCTEXT(""DT_Stars [40244D7B20E3A662E703191785661A62]"", ""Diphda_Cetus_DisplayName"", ""Diphda"")","0.726492","-17.986605","0.580000"
HIP12828_Cetus,"Cetus","HIP12828","NSLOCTEXT(""DT_Stars [40244D7B20E3A662E703191785661A62]"", ""HIP12828_Cetus_DisplayName"", ""HIP 12828"")","2.749040","10.114146","0.312000"
Kaffaljidhma_Cetus,"Cetus","HIP12706","NSLOCTEXT(""DT_Stars [40244D7B20E3A662E703191785661A62]"", ""Kaffaljidhma_Cetus_DisplayName"", ""Kaffaljidhma"")","2.721677","3.235819","0.408000"
Menkar_Cetus,"Cetus","HIP14135","NSLOCTEXT(""DT_Stars [40244D7B20E3A662E703191785661A62]"", ""Menkar_Cetus_DisplayName"", ""Menkar"")","3.037992","4.089734","0.520000"
Menkar_Cetus_2,"Cetus","HIP13954","NSLOCTEXT(""DT_Stars [40244D7B20E3A662E703191785661A62]"", ""Menkar_Cetus_2_DisplayName"", ""Menkar"")","2.995250","8.907365","0.260000"
Mira_Cetus,"Cetus","HIP10826","NSLOCTEXT(""DT_Stars [40244D7B20E3A662E703191785661A62]"", ""Mira_Cetus_DisplayName"", ""Mira"")","2.322442","-2.977643","0.120000"
HIP40702_Chamaeleon,"Chamaeleon","HIP40702","NSLOCTEXT(""DT_Stars [40244D7B20E3A662E703191785661A62]"", ""HIP40702_Chamaeleon_DisplayName"", ""HIP 40702"")","8.308764","-76.919723","0.339000"
HIP51839_Chamaeleon,"Chamaeleon","HIP51839","NSLOCTEXT(""DT_Stars [40244D7B20E3A662E703191785661A62]"", ""HIP51839_Chamaeleon_DisplayName"", ""HIP 51839"")","10.591141","-78.607786","0.332000"
HIP52633_Chamaeleon,"Chamaeleon","HIP52633","NSLOCTEXT(""DT_Stars [40244D7B20E3A662E703191785661A62]"", ""HIP52633_Chamaeleon_DisplayName"", ""HIP 52633"")","10.763056","-80.540188","0.291000"
HIP58484_Chamaeleon,"Chamaeleon","HIP58484","NSLOCTEXT(""DT_Stars [40244D7B20E3A662E703191785661A62]"", ""HIP58484_Chamaeleon_DisplayName"", ""HIP 58484"")","11.993770","-78.221839","0.239000"
HIP60000_Chamaeleon,"Chamaeleon","HIP60000","NSLOCTEXT(""DT_Stars [40244D7B20E3A662E703191785661A62]"", ""HIP60000_Chamaeleon_DisplayName"", ""HIP 60000"")","12.305784","-79.312240","0.316000"
HIP71908_Circinus,"Circinus","HIP71908","NSLOCTEXT(""DT_Stars [40244D7B20E3A662E703191785661A62]"", ""HIP71908_Circinus_DisplayName"", ""HIP 71908"")","14.708450","-64.975138","0.443000"
HIP74824_Circinus,"Circinus","HIP74824","NSLOCTEXT(""DT_Stars [40244D7B20E3A662E703191785661A62]"", ""HIP74824_Circinus_DisplayName"", ""HIP 74824"")","15.291903","-58.801208","0.336000"
HIP75323_Circinus,"Circinus","HIP75323","NSLOCTEXT(""DT_Stars [40244D7B20E3A662E703191785661A62]"", ""HIP75323_Circinus_DisplayName"", ""HIP 75323"")","15.389624","-59.320787","0.287000"
HIP25859_Columba,"Columba","HIP25859","NSLOCTEXT(""DT_Stars [40244D7B20E3A662E703191785661A62]"", ""HIP25859_Columba_DisplayName"", ""HIP 25859"")","5.520210","-35.470519","0.362000"
HIP28199_Columba,"Columba","HIP28199","NSLOCTEXT(""DT_Stars [40244D7B20E3A662E703191785661A62]"", ""HIP28199_Columba_DisplayName"", ""HIP 28199"")","5.958947","-35.283280","0.302000"
HIP28328_Columba,"Columba","HIP28328","NSLOCTEXT(""DT_Stars [40244D7B20E3A662E703191785661A62]"", ""HIP28328_Columba_DisplayName"", ""HIP 28328"")","5.985779","-42.815135","0.350000"
HIP30277_Columba,"Columba","HIP30277","NSLOCTEXT(""DT_Stars [40244D7B20E3A662E703191785661A62]"", ""HIP30277_Columba_DisplayName"", ""HIP 30277"")","6.368563","-33.436400","0.363000"
Phact_Columba,"Columba","HIP26634","NSLOCTEXT(""DT_Stars [40244D7B20E3A662E703191785661A62]"", ""Phact_Columba_DisplayName"", ""Phact"")","5.660817","-34.074108","0.507000"
Wazn_Columba,"Columba","HIP27628","NSLOCTEXT(""DT_Stars [40244D7B20E3A662E703191785661A62]"", ""Wazn_Columba_DisplayName"", ""Wazn"")","5.849331","-35.768309","0.450000"
AlDafirah_ComaBerenices,"ComaBerenices","HIP60742","NSLOCTEXT(""DT_Stars [40244D7B20E3A662E703191785661A62]"", ""AlDafirah_ComaBerenices_DisplayName"", ""Al Dafirah"")","12.448965","28.268423","0.303000"
Diadem_ComaBerenices,"ComaBerenices","HIP64241","NSLOCTEXT(""DT_Stars [40244D7B20E3A662E703191785661A62]"", ""Diadem_ComaBerenices_DisplayName"", ""Diadem"")","13.166466","17.529431","0.306000"
HIP64394_ComaBerenices,"ComaBerenices","HIP64394","NSLOCTEXT(""DT_Stars [40244D7B20E3A662E703191785661A62]"", ""HIP64394_ComaBerenices_DisplayName"", ""HIP 64394"")","13.197887","27.878183","0.317000"
HIP90982_CoronaAustralis,"CoronaAustralis","HIP90982","NSLOCTEXT(""DT_Stars [40244D7B20E3A662E703191785661A62]"", ""HIP90982_CoronaAustralis_DisplayName"", ""HIP 90982"")","18.558385","-42.312510","0.270000"
HIP93825_CoronaAustralis,"CoronaAustralis","HIP93825","NSLOCTEXT(""DT_Stars [40244D7B20E3A662E703191785661A62]"", ""HIP93825_CoronaAustralis_DisplayName"", ""HIP 93825"")","19.106975","-37.063437","0.317000"
HIP94005_CoronaAustralis,"CoronaAustralis","HIP94005","NSLOCTEXT(""DT_Stars [40244D7B20E3A662E703191785661A62]"", ""HIP94005_CoronaAustralis_DisplayName"", ""HIP 94005"")","19.139158","-40.496703","0.276000"
HIP94160_CoronaAustralis,"CoronaAustralis","HIP94160","NSLOCTEXT(""DT_Stars [40244D7B20E3A662E703191785661A62]"", ""HIP94160_CoronaAustralis_DisplayName"", ""HIP 94160"")","19.167155","-39.340796","0.333000"
Meridiana_CoronaAustralis,"CoronaAustralis","HIP94114","NSLOCTEXT(""DT_Stars [40244D7B20E3A662E703191785661A62]"", ""Meridiana_CoronaAustralis_DisplayName"", ""Meridiana"")","19.157873","-37.904474","0.332000"
Alphecca_CoronaBorealis,"CoronaBorealis","HIP76267","NSLOCTEXT(""DT_Stars [40244D7B20E3A662E703191785661A62]"", ""Alphecca_CoronaBorealis_DisplayName"", ""Alphecca"")","15.578130","26.714693","0.558000"
HIP76127_CoronaBorealis,"CoronaBorealis","HIP76127","NSLOCTEXT(""DT_Stars [40244D7B20E3A662E703191785661A62]"", ""HIP76127_CoronaBorealis_DisplayName"", ""HIP 76127"")","15.548828","31.359133","0.328000"
HIP76952_CoronaBorealis,"CoronaBorealis","HIP76952","NSLOCTEXT(""DT_Stars [40244D7B20E3A662E703191785661A62]"", ""HIP76952_CoronaBorealis_DisplayName"", ""HIP 76952"")","15.712379","26.295637","0.368000"
HIP77512_CoronaBorealis,"CoronaBorealis","HIP77512","NSLOCTEXT(""DT_Stars [40244D7B20E3A662E703191785661A62]"", ""HIP77512_CoronaBorealis_DisplayName"", ""HIP 77512"")","15.826568","26.068394","0.274000"
HIP78159_CoronaBorealis,"CoronaBorealis","HIP78159","NSLOCTEXT(""DT_Stars [40244D7B20E3A662E703191785661A62]"", ""HIP78159_CoronaBorealis_DisplayName"", ""HIP 78159"")","15.959792","26.877880","0.328000"
HIP78493_CoronaBorealis,"CoronaBorealis","HIP78493","NSLOCTEXT(""DT_Stars [40244D7B20E3A662E703191785661A62]"", ""HIP78493_CoronaBorealis_DisplayName"", ""HIP 78493"")","16.024046","29.851061","0.227000"
Nusakan_CoronaBorealis,"CoronaBorealis","HIP75695","NSLOCTEXT(""DT_Stars [40244D7B20E3A662E703191785661A62]"", ""Nusakan_CoronaBorealis_DisplayName"", ""Nusakan"")","15.463814","29.105703","0.386000"
Alchiba_Corvus,"Corvus","HIP59199","NSLOCTEXT(""DT_Stars [40244D7B20E3A662E703191785661A62]"", ""Alchiba_Corvus_DisplayName"", ""Alchiba"")","12.140227","-24.728876","0.342000"
Algorab_Corvus,"Corvus","HIP60965","NSLOCTEXT(""DT_Stars [40244D7B20E3A662E703191785661A62]"", ""Algorab_Corvus_DisplayName"", ""Algorab"")","12.497738","-16.515433","0.472000"
Gienah_Corvus,"Corvus","HIP59803","NSLOCTEXT(""DT_Stars [40244D7B20E3A662E703191785661A62]"", ""Gienah_Corvus_DisplayName"", ""Gienah"")","12.263436","-17.541929","0.515000"
Kraz_Corvus,"Corvus","HIP61359","NSLOCTEXT(""DT_Stars [40244D7B20E3A662E703191785661A62]"", ""Kraz_Corvus_DisplayName"", ""Kraz"")","12.573121","-23.396759","0.507000"
Minkar_Corvus,"Corvus","HIP59316","NSLOCTEXT(""DT_Stars [40244D7B20E3A662E703191785661A62]"", ""Minkar_Corvus_DisplayName"", ""Minkar"")","12.168745","-22.619766","0.462000"
AlSharasif_Crater,"Crater","HIP54682","NSLOCTEXT(""DT_Stars [40244D7B20E3A662E703191785661A62]"", ""AlSharasif_Crater_DisplayName"", ""Al Sharasif"")","11.194303","-22.825847","0.290000"
Alkes_Crater,"Crater","HIP53740","NSLOCTEXT(""DT_Stars [40244D7B20E3A662E703191785661A62]"", ""Alkes_Crater_DisplayName"", ""Alkes"")","10.996240","-18.298783","0.335000"
HIP55282_Crater,"Crater","HIP55282","NSLOCTEXT(""DT_Stars [40244D7B20E3A662E703191785661A62]"", ""HIP55282_Crater_DisplayName"", ""HIP 55282"")","11.322347","-14.778541","0.398000"
HIP55687_Crater,"Crater","HIP55687","NSLOCTEXT(""DT_Stars [40244D7B20E3A662E703191785661A62]"", ""HIP55687_Crater_DisplayName"", ""HIP 55687"")","11.410164","-10.859323","0.248000"
HIP55705_Crater,"Crater","HIP55705","NSLOCTEXT(""DT_Stars [40244D7B20E3A662E703191785661A62]"", ""HIP55705_Crater_DisplayName"", ""HIP 55705"")","11.414701","-17.684010","0.338000"
HIP56633_Crater,"Crater","HIP56633","NSLOCTEXT(""DT_Stars [40244D7B20E3A662E703191785661A62]"", ""HIP56633_Crater_DisplayName"", ""HIP 56633"")","11.611365","-9.802247","0.261000"
HIP57283_Crater,"Crater","HIP57283","NSLOCTEXT(""DT_Stars [40244D7B20E3A662E703191785661A62]"", ""HIP57283_Crater_DisplayName"", ""HIP 57283"")","11.746049","-18.350674","0.260000"
HIP58188_Crater,"Crater","HIP58188","NSLOCTEXT(""DT_Stars [40244D7B20E3A662E703191785661A62]"", ""HIP58188_Crater_DisplayName"", ""HIP 58188"")","11.933598","-17.150829","0.204000"
Acrux_Crux,"Crux","HIP60718","NSLOCTEXT(""DT_Stars [40244D7B20E3A662E703191785661A62]"", ""Acrux_Crux_DisplayName"", ""Acrux"")","12.443304","-63.099092","0.732000"
Gacrux_Crux,"Crux","HIP61084","NSLOCTEXT(""DT_Stars [40244D7B20E3A662E703191785661A62]"", ""Gacrux_Crux_DisplayName"", ""Gacrux"")","12.519433","-57.113212","0.634000"
Imai_Crux,"Crux","HIP59747","NSLOCTEXT(""DT_Stars [40244D7B20E3A662E703191785661A62]"", ""Imai_Crux_DisplayName"", ""Imai"")","12.252421","-58.748928","0.490000"
Mimosa_Crux,"Crux","HIP62434","NSLOCTEXT(""DT_Stars [40244D7B20E3A662E703191785661A62]"", ""Mimosa_Crux_DisplayName"", ""Mimosa"")","12.795351","-59.688764","0.675000"
Albireo_Cygnus,"Cygnus","HIP95947","NSLOCTEXT(""DT_Stars [40244D7B20E3A662E703191785661A62]"", ""Albireo_Cygnus_DisplayName"", ""Albireo"")","19.512022","27.959681","0.459000"
Aljanah_Cygnus,"Cygnus","HIP102488","NSLOCTEXT(""DT_Stars [40244D7B20E3A662E703191785661A62]"", ""Aljanah_Cygnus_DisplayName"", ""Aljanah"")","20.770190","33.970256","0.527000"
Deneb_Cygnus,"Cygnus","HIP102098","NSLOCTEXT(""DT_Stars [40244D7B20E3A662E703191785661A62]"", ""Deneb_Cygnus_DisplayName"", ""Deneb"")","20.690532","45.280338","0.675000"
FawarisIII_Cygnus,"Cygnus","HIP104732","NSLOCTEXT(""DT_Stars [40244D7B20E3A662E703191785661A62]"", ""FawarisIII_Cygnus_DisplayName"", ""Fawaris III"")","21.215607","30.226916","0.440000"
FawarisI_Cygnus,"Cygnus","HIP94779","NSLOCTEXT(""DT_Stars [40244D7B20E3A662E703191785661A62]"", ""FawarisI_Cygnus_DisplayName"", ""Fawaris I"")","19.285047","53.368459","0.369000"
Fawaris_Cygnus,"Cygnus","HIP97165","NSLOCTEXT(""DT_Stars [40244D7B20E3A662E703191785661A62]"", ""Fawaris_Cygnus_DisplayName"", ""Fawaris"")","19.749577","45.130810","0.482000"
HIP103413_Cygnus,"Cygnus","HIP103413","NSLOCTEXT(""DT_Stars [40244D7B20E3A662E703191785661A62]"", ""HIP103413_Cygnus_DisplayName"", ""HIP 103413"")","20.952894","41.167136","0.352000"
HIP95853_Cygnus,"Cygnus","HIP95853","NSLOCTEXT(""DT_Stars [40244D7B20E3A662E703191785661A62]"", ""HIP95853_Cygnus_DisplayName"", ""HIP 95853"")","19.495100","51.729779","0.374000"
HIP99848_Cygnus,"Cygnus","HIP99848","NSLOCTEXT(""DT_Stars [40244D7B20E3A662E703191785661A62]"", ""HIP99848_Cygnus_DisplayName"", ""HIP 99848"")","20.257867","47.714208","0.350000"
Sadr_Cygnus,"Cygnus","HIP100453","NSLOCTEXT(""DT_Stars [40244D7B20E3A662E703191785661A62]"", ""Sadr_Cygnus_DisplayName"", ""Sadr"")","20.370473","40.256679","0.557000"
AlSalib_Delphinus,"Delphinus","HIP102532","NSLOCTEXT(""DT_Stars [40244D7B20E3A662E703191785661A62]"", ""AlSalib_Delphinus_DisplayName"", ""Al Salib"")","20.777640","16.124296","0.312000"
AlUkud_Delphinus,"Delphinus","HIP102281","NSLOCTEXT(""DT_Stars [40244D7B20E3A662E703191785661A62]"", ""AlUkud_Delphinus_DisplayName"", ""Al Ukud"")","20.724315","15.074581","0.293000"
Aldulfin_Delphinus,"Delphinus","HIP101421","NSLOCTEXT(""DT_Stars [40244D7B20E3A662E703191785661A62]"", ""Aldulfin_Delphinus_DisplayName"", ""Aldulfin"")","20.553548","11.303263","0.341000"
Rotanev_Delphinus,"Delphinus","HIP101769","NSLOCTEXT(""DT_Stars [40244D7B20E3A662E703191785661A62]"", ""Rotanev_Delphinus_DisplayName"", ""Rotanev"")","20.625817","14.595087","0.388000"
Sualocin_Delphinus,"Delphinus","HIP101958","NSLOCTEXT(""DT_Stars [40244D7B20E3A662E703191785661A62]"", ""Sualocin_Delphinus_DisplayName"", ""Sualocin"")","20.660635","15.912072","0.372000"
HIP19893_Dorado,"Dorado","HIP19893","NSLOCTEXT(""DT_Stars [40244D7B20E3A662E703191785661A62]"", ""HIP19893_Dorado_DisplayName"", ""HIP 19893"")","4.267107","-51.486648","0.314000"
HIP21281_Dorado,"Dorado","HIP21281","NSLOCTEXT(""DT_Stars [40244D7B20E3A662E703191785661A62]"", ""HIP21281_Dorado_DisplayName"", ""HIP 21281"")","4.566605","-55.044975","0.429000"
HIP23693_Dorado,"Dorado","HIP23693","NSLOCTEXT(""DT_Stars [40244D7B20E3A662E703191785661A62]"", ""HIP23693_Dorado_DisplayName"", ""HIP 23693"")","5.091849","-57.472704","0.260000"
HIP26069_Dorado,"Dorado","HIP26069","NSLOCTEXT(""DT_Stars [40244D7B20E3A662E703191785661A62]"", ""HIP26069_Dorado_DisplayName"", ""HIP 26069"")","5.560422","-62.489825","0.374000"
HIP27100_Dorado,"Dorado","HIP27100","NSLOCTEXT(""DT_Stars [40244D7B20E3A662E703191785661A62]"", ""HIP27100_Dorado_DisplayName"", ""HIP 27100"")","5.746216","-65.735526","0.304000"
HIP27890_Dorado,"Dorado","HIP27890","NSLOCTEXT(""DT_Stars [40244D7B20E3A662E703191785661A62]"", ""HIP27890_Dorado_DisplayName"", ""HIP 27890"")","5.901682","-63.089627","0.267000"
Alahakan_Draco,"Draco","HIP89937","NSLOCTEXT(""DT_Stars [40244D7B20E3A662E703191785661A62]"", ""Alahakan_Draco_DisplayName"", ""Alahakan"")","18.350940","72.732843","0.399000"
Aldhiba_Draco,"Draco","HIP89908","NSLOCTEXT(""DT_Stars [40244D7B20E3A662E703191785661A62]"", ""Aldhiba_Draco_DisplayName"", ""Aldhiba"")","18.345953","71.337814","0.318000"
Aldhibah_Draco,"Draco","HIP83895","NSLOCTEXT(""DT_Stars [40244D7B20E3A662E703191785661A62]"", ""Aldhibah_Draco_DisplayName"", ""Aldhibah"")","17.146443","65.714683","0.444000"
Altais_Draco,"Draco","HIP94376","NSLOCTEXT(""DT_Stars [40244D7B20E3A662E703191785661A62]"", ""Altais_Draco_DisplayName"", ""Altais"")","19.209250","67.661541","0.456000"
Athebyne_Draco,"Draco","HIP80331","NSLOCTEXT(""DT_Stars [40244D7B20E3A662E703191785661A62]"", ""Athebyne_Draco_DisplayName"", ""Athebyne"")","16.399857","61.514213","0.497000"
Edasich_Draco,"Draco","HIP75458","NSLOCTEXT(""DT_Stars [40244D7B20E3A662E703191785661A62]"", ""Edasich_Draco_DisplayName"", ""Edasich"")","15.415493","58.966066","0.430000"
Eltanin_Draco,"Draco","HIP87833","NSLOCTEXT(""DT_Stars [40244D7B20E3A662E703191785661A62]"", ""Eltanin_Draco_DisplayName"", ""Eltanin"")","17.943436","51.488895","0.556000"
Giausar_Draco,"Draco","HIP56211","NSLOCTEXT(""DT_Stars [40244D7B20E3A662E703191785661A62]"", ""Giausar_Draco_DisplayName"", ""Giausar"")","11.523395","69.331076","0.366000"
Grumium_Draco,"Draco","HIP87585","NSLOCTEXT(""DT_Stars [40244D7B20E3A662E703191785661A62]"", ""Grumium_Draco_DisplayName"", ""Grumium"")","17.892147","56.872643","0.377000"
HIP61281_Draco,"Draco","HIP61281","NSLOCTEXT(""DT_Stars [40244D7B20E3A662E703191785661A62]"", ""HIP61281_Draco_DisplayName"", ""HIP 61281"")","12.558040","69.788238","0.363000"
HIP78527_Draco,"Draco","HIP78527","NSLOCTEXT(""DT_Stars [40244D7B20E3A662E703191785661A62]"", ""HIP78527_Draco_DisplayName"", ""HIP 78527"")","16.031485","58.565252","0.344000"
HIP85829_Draco,"Draco","HIP85829","NSLOCTEXT(""DT_Stars [40244D7B20E3A662E703191785661A62]"", ""HIP85829_Draco_DisplayName"", ""HIP 85829"")","17.537785","55.172959","0.242000"
Rastaban_Draco,"Draco","HIP85670","NSLOCTEXT(""DT_Stars [40244D7B20E3A662E703191785661A62]"", ""Rastaban_Draco_DisplayName"", ""Rastaban"")","17.507212","52.301387","0.490000"
Thuban_Draco,"Draco","HIP68756","NSLOCTEXT(""DT_Stars [40244D7B20E3A662E703191785661A62]"", ""Thuban_Draco_DisplayName"", ""Thuban"")","14.073153","64.375851","0.384000"
Tyl_Draco,"Draco","HIP97433","NSLOCTEXT(""DT_Stars [40244D7B20E3A662E703191785661A62]"", ""Tyl_Draco_DisplayName"", ""Tyl"")","19.802876","70.267930","0.364000"
HIP104521_Equuleus,"Equuleus","HIP104521","NSLOCTEXT(""DT_Stars [40244D7B20E3A662E703191785661A62]"", ""HIP104521_Equuleus_DisplayName"", ""HIP 104521"")","21.172361","10.131580","0.261000"
HIP104858_Equuleus,"Equuleus","HIP104858","NSLOCTEXT(""DT_Stars [40244D7B20E3A662E703191785661A62]"", ""HIP104858_Equuleus_DisplayName"", ""HIP 104858"")","21.241338","10.006981","0.288000"
Kitalpha_Equuleus,"Equuleus","HIP104987","NSLOCTEXT(""DT_Stars [40244D7B20E3A662E703191785661A62]"", ""Kitalpha_Equuleus_DisplayName"", ""Kitalpha"")","21.263731","5.247845","0.354000"
Acamar_Eridanus,"Eridanus","HIP13847","NSLOCTEXT(""DT_Stars [40244D7B20E3A662E703191785661A62]"", ""Acamar_Eridanus_DisplayName"", ""Acamar"")","2.971021","-40.304672","0.479000"
Achernar_Eridanus,"Eridanus","HIP7588","NSLOCTEXT(""DT_Stars [40244D7B20E3A662E703191785661A62]"", ""Achernar_Eridanus_DisplayName"", ""Achernar"")","1.628568","-57.236757","0.771000"
Azha_Eridanus,"Eridanus","HIP13701","NSLOCTEXT(""DT_Stars [40244D7B20E3A662E703191785661A62]"", ""Azha_Eridanus_DisplayName"", ""Azha"")","2.940458","-8.898144","0.358000"
BeemimI_Eridanus,"Eridanus","HIP20042","NSLOCTEXT(""DT_Stars [40244D7B20E3A662E703191785661A62]"", ""BeemimI_Eridanus_DisplayName"", ""Beemim I"")","4.298240","-33.798348","0.399000"
Beemim_Eridanus,"Eridanus","HIP21248","NSLOCTEXT(""DT_Stars [40244D7B20E3A662E703191785661A62]"", ""Beemim_Eridanus_DisplayName"", ""Beemim"")","4.558487","-29.766492","0.286000"
Beemim_Eridanus_2,"Eridanus","HIP20535","NSLOCTEXT(""DT_Stars [40244D7B20E3A662E703191785661A62]"", ""Beemim_Eridanus_2_DisplayName"", ""Beemim"")","4.400616","-34.016846","0.348000"
Beid_Eridanus,"Eridanus","HIP19587","NSLOCTEXT(""DT_Stars [40244D7B20E3A662E703191785661A62]"", ""Beid_Eridanus_DisplayName"", ""Beid"")","4.197761","-6.837581","0.340000"
Cursa_Eridanus,"Eridanus","HIP23875","NSLOCTEXT(""DT_Stars [40244D7B20E3A662E703191785661A62]"", ""Cursa_Eridanus_DisplayName"", ""Cursa"")","5.130829","-5.086446","0.491000"
HIP11407_Eridanus,"Eridanus","HIP11407","NSLOCTEXT(""DT_Stars [40244D7B20E3A662E703191785661A62]"", ""HIP11407_Eridanus_DisplayName"", ""HIP 11407"")","2.449756","-47.703840","0.316000"
HIP12413_Eridanus,"Eridanus","HIP12413","NSLOCTEXT(""DT_Stars [40244D7B20E3A662E703191785661A62]"", ""HIP12413_Eridanus_DisplayName"", ""HIP 12413"")","2.663331","-42.891670","0.256000"
HIP12486_Eridanus,"Eridanus","HIP12486","NSLOCTEXT(""DT_Stars [40244D7B20E3A662E703191785661A62]"", ""HIP12486_Eridanus_DisplayName"", ""HIP 12486"")","2.677787","-39.855376","0.332000"
HIP12843_Eridanus,"Eridanus","HIP12843","NSLOCTEXT(""DT_Stars [40244D7B20E3A662E703191785661A62]"", ""HIP12843_Eridanus_DisplayName"", ""HIP 12843"")","2.751718","-18.572563","0.288000"
HIP14146_Eridanus,"Eridanus","HIP14146","NSLOCTEXT(""DT_Stars [40244D7B20E3A662E703191785661A62]"", ""HIP14146_Eridanus_DisplayName"", ""HIP 14146"")","3.039861","-23.624472","0.335000"
HIP15474_Eridanus,"Eridanus","HIP15474","NSLOCTEXT(""DT_Stars [40244D7B20E3A662E703191785661A62]"", ""HIP15474_Eridanus_DisplayName"", ""HIP 15474"")","3.325278","-21.757864","0.381000"
HIP15510_Eridanus,"Eridanus","HIP15510","NSLOCTEXT(""DT_Stars [40244D7B20E3A662E703191785661A62]"", ""HIP15510_Eridanus_DisplayName"", ""HIP 15510"")","3.332125","-43.069783","0.314000"
HIP16611_Eridanus,"Eridanus","HIP16611","NSLOCTEXT(""DT_Stars [40244D7B20E3A662E703191785661A62]"", ""HIP16611_Eridanus_DisplayName"", ""HIP 16611"")","3.563132","-21.632883","0.314000"
HIP16870_Eridanus,"Eridanus","HIP16870","NSLOCTEXT(""DT_Stars [40244D7B20E3A662E703191785661A62]"", ""HIP16870_Eridanus_DisplayName"", ""HIP 16870"")","3.618245","-40.274545","0.276000"
HIP17593_Eridanus,"Eridanus","HIP17593","NSLOCTEXT(""DT_Stars [40244D7B20E3A662E703191785661A62]"", ""HIP17593_Eridanus_DisplayName"", ""HIP 17593"")","3.769038","-12.101589","0.293000"
HIP17651_Eridanus,"Eridanus","HIP17651","NSLOCTEXT(""DT_Stars [40244D7B20E3A662E703191785661A62]"", ""HIP17651_Eridanus_DisplayName"", ""HIP 17651"")","3.780802","-23.249723","0.318000"
HIP17874_Eridanus,"Eridanus","HIP17874","NSLOCTEXT(""DT_Stars [40244D7B20E3A662E703191785661A62]"", ""HIP17874_Eridanus_DisplayName"", ""HIP 17874"")","3.824235","-36.200250","0.324000"
HIP18216_Eridanus,"Eridanus","HIP18216","NSLOCTEXT(""DT_Stars [40244D7B20E3A662E703191785661A62]"", ""HIP18216_Eridanus_DisplayName"", ""HIP 18216"")","3.895195","-24.612230","0.268000"
HIP18673_Eridanus,"Eridanus","HIP18673","NSLOCTEXT(""DT_Stars [40244D7B20E3A662E703191785661A62]"", ""HIP18673_Eridanus_DisplayName"", ""HIP 18673"")","3.998745","-24.016215","0.270000"
HIP21444_Eridanus,"Eridanus","HIP21444","NSLOCTEXT(""DT_Stars [40244D7B20E3A662E703191785661A62]"", ""HIP21444_Eridanus_DisplayName"", ""HIP 21444"")","4.605317","-3.352459","0.353000"
HIP22109_Eridanus,"Eridanus","HIP22109","NSLOCTEXT(""DT_Stars [40244D7B20E3A662E703191785661A62]"", ""HIP22109_Eridanus_DisplayName"", ""HIP 22109"")","4.758375","-3.254657","0.344000"
HIP9007_Eridanus,"Eridanus","HIP9007","NSLOCTEXT(""DT_Stars [40244D7B20E3A662E703191785661A62]"", ""HIP9007_Eridanus_DisplayName"", ""HIP 9007"")","1.932631","-51.608896","0.382000"
Ran_Eridanus,"Eridanus","HIP16537","NSLOCTEXT(""DT_Stars [40244D7B20E3A662E703191785661A62]"", ""Ran_Eridanus_DisplayName"", ""Ran"")","3.548846","-9.458262","0.378000"
Rana_Eridanus,"Eridanus","HIP17378","NSLOCTEXT(""DT_Stars [40244D7B20E3A662E703191785661A62]"", ""Rana_Eridanus_DisplayName"", ""Rana"")","3.720806","-9.763395","0.402000"
SadralKaitosIV_Eridanus,"Eridanus","HIP12770","NSLOCTEXT(""DT_Stars [40244D7B20E3A662E703191785661A62]"", ""SadralKaitosIV_Eridanus_DisplayName"", ""Sadr al Kaitos IV"")","2.735375","-13.858696","0.316000"
Theemin_Eridanus,"Eridanus","HIP21393","NSLOCTEXT(""DT_Stars [40244D7B20E3A662E703191785661A62]"", ""Theemin_Eridanus_DisplayName"", ""Theemin"")","4.592511","-30.562341","0.368000"
Zaurak_Eridanus,"Eridanus","HIP18543","NSLOCTEXT(""DT_Stars [40244D7B20E3A662E703191785661A62]"", ""Zaurak_Eridanus_DisplayName"", ""Zaurak"")","3.967157","-13.508515","0.468000"
Dalim_Fornax,"Fornax","HIP14879","NSLOCTEXT(""DT_Stars [40244D7B20E3A662E703191785661A62]"", ""Dalim_Fornax_DisplayName"", ""Dalim"")","3.201258","-28.987618","0.369000"
HIP13147_Fornax,"Fornax","HIP13147","NSLOCTEXT(""DT_Stars [40244D7B20E3A662E703191785661A62]"", ""HIP13147_Fornax_DisplayName"", ""HIP 13147"")","2.818172","-32.405898","0.291000"
HIP9677_Fornax,"Fornax","HIP9677","NSLOCTEXT(""DT_Stars [40244D7B20E3A662E703191785661A62]"", ""HIP9677_Fornax_DisplayName"", ""HIP 9677"")","2.074844","-29.296819","0.263000"
Alhena_Gemini,"Gemini","HIP31681","NSLOCTEXT(""DT_Stars [40244D7B20E3A662E703191785661A62]"", ""Alhena_Gemini_DisplayName"", ""Alhena"")","6.628528","16.399252","0.593000"
Alzirr_Gemini,"Gemini","HIP32362","NSLOCTEXT(""DT_Stars [40244D7B20E3A662E703191785661A62]"", ""Alzirr_Gemini_DisplayName"", ""Alzirr"")","6.754824","12.895591","0.423000"
Castor_Gemini,"Gemini","HIP36850","NSLOCTEXT(""DT_Stars [40244D7B20E3A662E703191785661A62]"", ""Castor_Gemini_DisplayName"", ""Castor"")","7.576629","31.888276","0.635000"
HIP28734_Gemini,"Gemini","HIP28734","NSLOCTEXT(""DT_Stars [40244D7B20E3A662E703191785661A62]"", ""HIP28734_Gemini_DisplayName"", ""HIP 28734"")","6.068671","23.263341","0.326000"
HIP33018_Gemini,"Gemini","HIP33018","NSLOCTEXT(""DT_Stars [40244D7B20E3A662E703191785661A62]"", ""HIP33018_Gemini_DisplayName"", ""HIP 33018"")","6.879816","33.961254","0.393000"
HIP34693_Gemini,"Gemini","HIP34693","NSLOCTEXT(""DT_Stars [40244D7B20E3A662E703191785661A62]"", ""HIP34693_Gemini_DisplayName"", ""HIP 34693"")","7.185659","30.245163","0.296000"
HIP35350_Gemini,"Gemini","HIP35350","NSLOCTEXT(""DT_Stars [40244D7B20E3A662E703191785661A62]"", ""HIP35350_Gemini_DisplayName"", ""HIP 35350"")","7.301550","16.540383","0.395000"
HIP36046_Gemini,"Gemini","HIP36046","NSLOCTEXT(""DT_Stars [40244D7B20E3A662E703191785661A62]"", ""HIP36046_Gemini_DisplayName"", ""HIP 36046"")","7.428777","27.798080","0.371000"
HIP36962_Gemini,"Gemini","HIP36962","NSLOCTEXT(""DT_Stars [40244D7B20E3A662E703191785661A62]"", ""HIP36962_Gemini_DisplayName"", ""HIP 36962"")","7.598707","26.895741","0.338000"
HIP37740_Gemini,"Gemini","HIP37740","NSLOCTEXT(""DT_Stars [40244D7B20E3A662E703191785661A62]"", ""HIP37740_Gemini_DisplayName"", ""HIP 37740"")","7.740793","24.397993","0.396000"
Mebsuta_Gemini,"Gemini","HIP32246","NSLOCTEXT(""DT_Stars [40244D7B20E3A662E703191785661A62]"", ""Mebsuta_Gemini_DisplayName"", ""Mebsuta"")","6.732202","25.131124","0.458000"
Mekbuda_Gemini,"Gemini","HIP34088","NSLOCTEXT(""DT_Stars [40244D7B20E3A662E703191785661A62]"", ""Mekbuda_Gemini_DisplayName"", ""Mekbuda"")","7.068481","20.570297","0.344000"
Nucatai_Gemini,"Gemini","HIP30883","NSLOCTEXT(""DT_Stars [40244D7B20E3A662E703191785661A62]"", ""Nucatai_Gemini_DisplayName"", ""Nucatai"")","6.482719","20.212133","0.329000"
Pollux_Gemini,"Gemini","HIP37826","NSLOCTEXT(""DT_Stars [40244D7B20E3A662E703191785661A62]"", ""Pollux_Gemini_DisplayName"", ""Pollux"")","7.755264","28.026199","0.686000"
Propus_Gemini,"Gemini","HIP29655","NSLOCTEXT(""DT_Stars [40244D7B20E3A662E703191785661A62]"", ""Propus_Gemini_DisplayName"", ""Propus"")","6.247960","22.506799","0.428000"
Tejat_Gemini,"Gemini","HIP30343","NSLOCTEXT(""DT_Stars [40244D7B20E3A662E703191785661A62]"", ""Tejat_Gemini_DisplayName"", ""Tejat"")","6.382674","22.513586","0.480000"
Wasat_Gemini,"Gemini","HIP35550","NSLOCTEXT(""DT_Stars [40244D7B20E3A662E703191785661A62]"", ""Wasat_Gemini_DisplayName"", ""Wasat"")","7.335383","21.982321","0.405000"
Aldhanab_Grus,"Grus","HIP108085","NSLOCTEXT(""DT_Stars [40244D7B20E3A662E703191785661A62]"", ""Aldhanab_Grus_DisplayName"", ""Aldhanab"")","21.898812","-37.364852","0.465000"
Alnair_Grus,"Grus","HIP109268","NSLOCTEXT(""DT_Stars [40244D7B20E3A662E703191785661A62]"", ""Alnair_Grus_DisplayName"", ""Alnair"")","22.137218","-46.960975","0.617000"
HIP109111_Grus,"Grus","HIP109111","NSLOCTEXT(""DT_Stars [40244D7B20E3A662E703191785661A62]"", ""HIP109111_Grus_DisplayName"", ""HIP 109111"")","22.101913","-39.543353","0.288000"
HIP110997_Grus,"Grus","HIP110997","NSLOCTEXT(""DT_Stars [40244D7B20E3A662E703191785661A62]"", ""HIP110997_Grus_DisplayName"", ""HIP 110997"")","22.487826","-43.495565","0.348000"
HIP112623_Grus,"Grus","HIP112623","NSLOCTEXT(""DT_Stars [40244D7B20E3A662E703191785661A62]"", ""HIP112623_Grus_DisplayName"", ""HIP 112623"")","22.809250","-51.316864","0.406000"
HIP113638_Grus,"Grus","HIP113638","NSLOCTEXT(""DT_Stars [40244D7B20E3A662E703191785661A62]"", ""HIP113638_Grus_DisplayName"", ""HIP 113638"")","23.014670","-52.754137","0.332000"
Tiaki_Grus,"Grus","HIP112122","NSLOCTEXT(""DT_Stars [40244D7B20E3A662E703191785661A62]"", ""Tiaki_Grus_DisplayName"", ""Tiaki"")","22.711125","-46.884577","0.576000"
Cujam_Hercules,"Hercules","HIP80463","NSLOCTEXT(""DT_Stars [40244D7B20E3A662E703191785661A62]"", ""Cujam_Hercules_DisplayName"", ""Cujam"")","16.423598","14.033270","0.276000"
HIP77760_Hercules,"Hercules","HIP77760","NSLOCTEXT(""DT_Stars [40244D7B20E3A662E703191785661A62]"", ""HIP77760_Hercules_DisplayName"", ""HIP 77760"")","15.877928","42.451518","0.273000"
HIP79101_Hercules,"Hercules","HIP79101","NSLOCTEXT(""DT_Stars [40244D7B20E3A662E703191785661A62]"", ""HIP79101_Hercules_DisplayName"", ""HIP 79101"")","16.146161","44.934906","0.317000"
HIP79992_Hercules,"Hercules","HIP79992","NSLOCTEXT(""DT_Stars [40244D7B20E3A662E703191785661A62]"", ""HIP79992_Hercules_DisplayName"", ""HIP 79992"")","16.329010","46.313366","0.356000"
HIP81008_Hercules,"Hercules","HIP81008","NSLOCTEXT(""DT_Stars [40244D7B20E3A662E703191785661A62]"", ""HIP81008_Hercules_DisplayName"", ""HIP 81008"")","16.543414","11.488042","0.244000"
HIP81126_Hercules,"Hercules","HIP81126","NSLOCTEXT(""DT_Stars [40244D7B20E3A662E703191785661A62]"", ""HIP81126_Hercules_DisplayName"", ""HIP 81126"")","16.568384","42.437041","0.321000"
HIP81693_Hercules,"Hercules","HIP81693","NSLOCTEXT(""DT_Stars [40244D7B20E3A662E703191785661A62]"", ""HIP81693_Hercules_DisplayName"", ""HIP 81693"")","16.688100","31.602726","0.488000"
HIP81833_Hercules,"Hercules","HIP81833","NSLOCTEXT(""DT_Stars [40244D7B20E3A662E703191785661A62]"", ""HIP81833_Hercules_DisplayName"", ""HIP 81833"")","16.714935","38.922254","0.407000"
HIP83207_Hercules,"Hercules","HIP83207","NSLOCTEXT(""DT_Stars [40244D7B20E3A662E703191785661A62]"", ""HIP83207_Hercules_DisplayName"", ""HIP 83207"")","17.004826","30.926405","0.354000"
HIP84380_Hercules,"Hercules","HIP84380","NSLOCTEXT(""DT_Stars [40244D7B20E3A662E703191785661A62]"", ""HIP84380_Hercules_DisplayName"", ""HIP 84380"")","17.250787","36.809162","0.446000"
HIP85112_Hercules,"Hercules","HIP85112","NSLOCTEXT(""DT_Stars [40244D7B20E3A662E703191785661A62]"", ""HIP85112_Hercules_DisplayName"", ""HIP 85112"")","17.394707","37.145946","0.327000"
HIP86414_Hercules,"Hercules","HIP86414","NSLOCTEXT(""DT_Stars [40244D7B20E3A662E703191785661A62]"", ""HIP86414_Hercules_DisplayName"", ""HIP 86414"")","17.657746","46.006332","0.366000"
HIP86974_Hercules,"Hercules","HIP86974","NSLOCTEXT(""DT_Stars [40244D7B20E3A662E703191785661A62]"", ""HIP86974_Hercules_DisplayName"", ""HIP 86974"")","17.774313","27.720676","0.414000"
HIP87808_Hercules,"Hercules","HIP87808","NSLOCTEXT(""DT_Stars [40244D7B20E3A662E703191785661A62]"", ""HIP87808_Hercules_DisplayName"", ""HIP 87808"")","17.937550","37.250539","0.362000"
HIP87933_Hercules,"Hercules","HIP87933","NSLOCTEXT(""DT_Stars [40244D7B20E3A662E703191785661A62]"", ""HIP87933_Hercules_DisplayName"", ""HIP 87933"")","17.962746","29.247880","0.381000"
HIP88794_Hercules,"Hercules","HIP88794","NSLOCTEXT(""DT_Stars [40244D7B20E3A662E703191785661A62]"", ""HIP88794_Hercules_DisplayName"", ""HIP 88794"")","18.125709","28.762488","0.364000"
Kornephoros_Hercules,"Hercules","HIP80816","NSLOCTEXT(""DT_Stars [40244D7B20E3A662E703191785661A62]"", ""Kornephoros_Hercules_DisplayName"", ""Kornephoros"")","16.503667","21.489613","0.491000"
Maasym_Hercules,"Hercules","HIP85693","NSLOCTEXT(""DT_Stars [40244D7B20E3A662E703191785661A62]"", ""Maasym_Hercules_DisplayName"", ""Maasym"")","17.512308","26.110645","0.296000"
NasakShamiyaIII_Hercules,"Hercules","HIP80170","NSLOCTEXT(""DT_Stars [40244D7B20E3A662E703191785661A62]"", ""NasakShamiyaIII_Hercules_DisplayName"", ""Nasak Shamiya III"")","16.365337","19.153130","0.376000"
Rasalgethi_Hercules,"Hercules","HIP84345","NSLOCTEXT(""DT_Stars [40244D7B20E3A662E703191785661A62]"", ""Rasalgethi_Hercules_DisplayName"", ""Rasalgethi"")","17.244127","14.390333","0.491000"
Sarin_Hercules,"Hercules","HIP84379","NSLOCTEXT(""DT_Stars [40244D7B20E3A662E703191785661A62]"", ""Sarin_Hercules_DisplayName"", ""Sarin"")","17.250531","24.839204","0.450000"
HIP12225_Horologium,"Horologium","HIP12225","NSLOCTEXT(""DT_Stars [40244D7B20E3A662E703191785661A62]"", ""HIP12225_Horologium_DisplayName"", ""HIP 12225"")","2.623437","-52.543086","0.189000"
HIP12484_Horologium,"Horologium","HIP12484","NSLOCTEXT(""DT_Stars [40244D7B20E3A662E703191785661A62]"", ""HIP12484_Horologium_DisplayName"", ""HIP 12484"")","2.677670","-54.549911","0.200000"
HIP12653_Horologium,"Horologium","HIP12653","NSLOCTEXT(""DT_Stars [40244D7B20E3A662E703191785661A62]"", ""HIP12653_Horologium_DisplayName"", ""HIP 12653"")","2.709296","-50.800294","0.177000"
HIP13884_Horologium,"Horologium","HIP13884","NSLOCTEXT(""DT_Stars [40244D7B20E3A662E703191785661A62]"", ""HIP13884_Horologium_DisplayName"", ""HIP 13884"")","2.979944","-64.071284","0.227000"
HIP14240_Horologium,"Horologium","HIP14240","NSLOCTEXT(""DT_Stars [40244D7B20E3A662E703191785661A62]"", ""HIP14240_Horologium_DisplayName"", ""HIP 14240"")","3.060228","-59.737775","0.210000"
HIP19747_Horologium,"Horologium","HIP19747","NSLOCTEXT(""DT_Stars [40244D7B20E3A662E703191785661A62]"", ""HIP19747_Horologium_DisplayName"", ""HIP 19747"")","4.233365","-42.294368","0.363000"
AlSharasif_Hydra,"Hydra","HIP54682","NSLOCTEXT(""DT_Stars [40244D7B20E3A662E703191785661A62]"", ""AlSharasif_Hydra_DisplayName"", ""Al Sharasif"")","11.194303","-22.825847","0.290000"
Alkes_Hydra,"Hydra","HIP53740","NSLOCTEXT(""DT_Stars [40244D7B20E3A662E703191785661A62]"", ""Alkes_Hydra_DisplayName"", ""Alkes"")","10.996240","-18.298783","0.335000"
Alphard_Hydra,"Hydra","HIP46390","NSLOCTEXT(""DT_Stars [40244D7B20E3A662E703191785661A62]"", ""Alphard_Hydra_DisplayName"", ""Alphard"")","9.459790","-8.658603","0.586000"
Ashlesha_Hydra,"Hydra","HIP43109","NSLOCTEXT(""DT_Stars [40244D7B20E3A662E703191785661A62]"", ""Ashlesha_Hydra_DisplayName"", ""Ashlesha"")","8.779586","6.418809","0.419000"
HIP45336_Hydra,"Hydra","HIP45336","NSLOCTEXT(""DT_Stars [40244D7B20E3A662E703191785661A62]"", ""HIP45336_Hydra_DisplayName"", ""HIP 45336"")","9.239405","2.314280","0.358000"
HIP49402_Hydra,"Hydra","HIP49402","NSLOCTEXT(""DT_Stars [40244D7B20E3A662E703191785661A62]"", ""HIP49402_Hydra_DisplayName"", ""HIP 49402"")","10.085408","-13.064626","0.273000"
HIP49841_Hydra,"Hydra","HIP49841","NSLOCTEXT(""DT_Stars [40244D7B20E3A662E703191785661A62]"", ""HIP49841_Hydra_DisplayName"", ""HIP 49841"")","10.176466","-12.354083","0.392000"
HIP51069_Hydra,"Hydra","HIP51069","NSLOCTEXT(""DT_Stars [40244D7B20E3A662E703191785661A62]"", ""HIP51069_Hydra_DisplayName"", ""HIP 51069"")","10.434841","-16.836290","0.365000"
HIP52943_Hydra,"Hydra","HIP52943","NSLOCTEXT(""DT_Stars [40244D7B20E3A662E703191785661A62]"", ""HIP52943_Hydra_DisplayName"", ""HIP 52943"")","10.827080","-16.193648","0.452000"
HIP56343_Hydra,"Hydra","HIP56343","NSLOCTEXT(""DT_Stars [40244D7B20E3A662E703191785661A62]"", ""HIP56343_Hydra_DisplayName"", ""HIP 56343"")","11.550032","-31.857625","0.400000"
HIP57936_Hydra,"Hydra","HIP57936","NSLOCTEXT(""DT_Stars [40244D7B20E3A662E703191785661A62]"", ""HIP57936_Hydra_DisplayName"", ""HIP 57936"")","11.881811","-33.908124","0.310000"
HIP64962_Hydra,"Hydra","HIP64962","NSLOCTEXT(""DT_Stars [40244D7B20E3A662E703191785661A62]"", ""HIP64962_Hydra_DisplayName"", ""HIP 64962"")","13.315360","-23.171512","0.466000"
HIP68895_Hydra,"Hydra","HIP68895","NSLOCTEXT(""DT_Stars [40244D7B20E3A662E703191785661A62]"", ""HIP68895_Hydra_DisplayName"", ""HIP 68895"")","14.106194","-26.682361","0.435000"
HIP72571_Hydra,"Hydra","HIP72571","NSLOCTEXT(""DT_Stars [40244D7B20E3A662E703191785661A62]"", ""HIP72571_Hydra_DisplayName"", ""HIP 72571"")","14.838142","-27.960371","0.294000"
MinazalII_Hydra,"Hydra","HIP42799","NSLOCTEXT(""DT_Stars [40244D7B20E3A662E703191785661A62]"", ""MinazalII_Hydra_DisplayName"", ""Minazal II"")","8.720410","3.398662","0.309000"
MinazalIV_Hydra,"Hydra","HIP43234","NSLOCTEXT(""DT_Stars [40244D7B20E3A662E703191785661A62]"", ""MinazalIV_Hydra_DisplayName"", ""Minazal IV"")","8.807214","5.837812","0.303000"
MinazalI_Hydra,"Hydra","HIP42313","NSLOCTEXT(""DT_Stars [40244D7B20E3A662E703191785661A62]"", ""MinazalI_Hydra_DisplayName"", ""Minazal I"")","8.627602","5.703782","0.328000"
MinazalV_Hydra,"Hydra","HIP43813","NSLOCTEXT(""DT_Stars [40244D7B20E3A662E703191785661A62]"", ""MinazalV_Hydra_DisplayName"", ""Minazal V"")","8.923230","5.945563","0.452000"
Minchir_Hydra,"Hydra","HIP42402","NSLOCTEXT(""DT_Stars [40244D7B20E3A662E703191785661A62]"", ""Minchir_Hydra_DisplayName"", ""Minchir"")","8.645955","3.341435","0.291000"
Ukdah_Hydra,"Hydra","HIP47431","NSLOCTEXT(""DT_Stars [40244D7B20E3A662E703191785661A62]"", ""Ukdah_Hydra_DisplayName"", ""Ukdah"")","9.664267","-1.142810","0.357000"
Zhang_Hydra,"Hydra","HIP48356","NSLOCTEXT(""DT_Stars [40244D7B20E3A662E703191785661A62]"", ""Zhang_Hydra_DisplayName"", ""Zhang"")","9.857970","-14.846603","0.332000"
HIP11001_Hydrus,"Hydrus","HIP11001","NSLOCTEXT(""DT_Stars [40244D7B20E3A662E703191785661A62]"", ""HIP11001_Hydrus_DisplayName"", ""HIP 11001"")","2.362484","-68.659418","0.335000"
HIP17678_Hydrus,"Hydrus","HIP17678","NSLOCTEXT(""DT_Stars [40244D7B20E3A662E703191785661A62]"", ""HIP17678_Hydrus_DisplayName"", ""HIP 17678"")","3.787317","-74.238962","0.434000"
HIP2021_Hydrus,"Hydrus","HIP2021","NSLOCTEXT(""DT_Stars [40244D7B20E3A662E703191785661A62]"", ""HIP2021_Hydrus_DisplayName"", ""HIP 2021"")","0.429187","-77.254246","0.486000"
HIP9236_Hydrus,"Hydrus","HIP9236","NSLOCTEXT(""DT_Stars [40244D7B20E3A662E703191785661A62]"", ""HIP9236_Hydrus_DisplayName"", ""HIP 9236"")","1.979498","-61.569859","0.482000"
HIP102333_Indus,"Indus","HIP102333","NSLOCTEXT(""DT_Stars [40244D7B20E3A662E703191785661A62]"", ""HIP102333_Indus_DisplayName"", ""HIP 102333"")","20.733982","-51.920971","0.284000"
HIP103227_Indus,"Indus","HIP103227","NSLOCTEXT(""DT_Stars [40244D7B20E3A662E703191785661A62]"", ""HIP103227_Indus_DisplayName"", ""HIP 103227"")","20.913501","-58.454155","0.384000"
HIP105319_Indus,"Indus","HIP105319","NSLOCTEXT(""DT_Stars [40244D7B20E3A662E703191785661A62]"", ""HIP105319_Indus_DisplayName"", ""HIP 105319"")","21.331108","-53.449427","0.298000"
HIP108431_Indus,"Indus","HIP108431","NSLOCTEXT(""DT_Stars [40244D7B20E3A662E703191785661A62]"", ""HIP108431_Indus_DisplayName"", ""HIP 108431"")","21.965299","-54.992576","0.297000"
Persian_Indus,"Indus","HIP101772","NSLOCTEXT(""DT_Stars [40244D7B20E3A662E703191785661A62]"", ""Persian_Indus_DisplayName"", ""Persian"")","20.626120","-47.291502","0.452000"
HIP109754_Lacerta,"Lacerta","HIP109754","NSLOCTEXT(""DT_Stars [40244D7B20E3A662E703191785661A62]"", ""HIP109754_Lacerta_DisplayName"", ""HIP 109754"")","22.231314","39.714927","0.285000"
HIP109937_Lacerta,"Lacerta","HIP109937","NSLOCTEXT(""DT_Stars [40244D7B20E3A662E703191785661A62]"", ""HIP109937_Lacerta_DisplayName"", ""HIP 109937"")","22.266160","37.748737","0.328000"
HIP110351_Lacerta,"Lacerta","HIP110351","NSLOCTEXT(""DT_Stars [40244D7B20E3A662E703191785661A62]"", ""HIP110351_Lacerta_DisplayName"", ""HIP 110351"")","22.350430","46.536570","0.279000"
HIP110538_Lacerta,"Lacerta","HIP110538","NSLOCTEXT(""DT_Stars [40244D7B20E3A662E703191785661A62]"", ""HIP110538_Lacerta_DisplayName"", ""HIP 110538"")","22.392673","52.229047","0.294000"
HIP110609_Lacerta,"Lacerta","HIP110609","NSLOCTEXT(""DT_Stars [40244D7B20E3A662E703191785661A62]"", ""HIP110609_Lacerta_DisplayName"", ""HIP 110609"")","22.408609","49.476393","0.279000"
HIP111022_Lacerta,"Lacerta","HIP111022","NSLOCTEXT(""DT_Stars [40244D7B20E3A662E703191785661A62]"", ""HIP111022_Lacerta_DisplayName"", ""HIP 111022"")","22.492173","47.706887","0.304000"
HIP111104_Lacerta,"Lacerta","HIP111104","NSLOCTEXT(""DT_Stars [40244D7B20E3A662E703191785661A62]"", ""HIP111104_Lacerta_DisplayName"", ""HIP 111104"")","22.508128","43.123376","0.282000"
HIP111169_Lacerta,"Lacerta","HIP111169","NSLOCTEXT(""DT_Stars [40244D7B20E3A662E703191785661A62]"", ""HIP111169_Lacerta_DisplayName"", ""HIP 111169"")","22.521528","50.282491","0.374000"
HIP111944_Lacerta,"Lacerta","HIP111944","NSLOCTEXT(""DT_Stars [40244D7B20E3A662E703191785661A62]"", ""HIP111944_Lacerta_DisplayName"", ""HIP 111944"")","22.675239","44.276305","0.285000"
Adhafera_Leo,"Leo","HIP50335","NSLOCTEXT(""DT_Stars [40244D7B20E3A662E703191785661A62]"", ""Adhafera_Leo_DisplayName"", ""Adhafera"")","10.278171","23.417311","0.413000"
AlJabhah_Leo,"Leo","HIP49583","NSLOCTEXT(""DT_Stars [40244D7B20E3A662E703191785661A62]"", ""AlJabhah_Leo_DisplayName"", ""Al Jabhah"")","10.122209","16.762664","0.407000"
AlMinlearalAsad_Leo,"Leo","HIP46146","NSLOCTEXT(""DT_Stars [40244D7B20E3A662E703191785661A62]"", ""AlMinlearalAsad_Leo_DisplayName"", ""Al Minlear al Asad"")","9.410905","26.182324","0.288000"
Algenubi_Leo,"Leo","HIP47908","NSLOCTEXT(""DT_Stars [40244D7B20E3A662E703191785661A62]"", ""Algenubi_Leo_DisplayName"", ""Algenubi"")","9.764187","23.774255","0.468000"
Algieba_Leo,"Leo","HIP50583","NSLOCTEXT(""DT_Stars [40244D7B20E3A662E703191785661A62]"", ""Algieba_Leo_DisplayName"", ""Algieba"")","10.332876","19.841489","0.584000"
Alterf_Leo,"Leo","HIP46750","NSLOCTEXT(""DT_Stars [40244D7B20E3A662E703191785661A62]"", ""Alterf_Leo_DisplayName"", ""Alterf"")","9.528674","22.967971","0.306000"
Chertan_Leo,"Leo","HIP54879","NSLOCTEXT(""DT_Stars [40244D7B20E3A662E703191785661A62]"", ""Chertan_Leo_DisplayName"", ""Chertan"")","11.237335","15.429570","0.425000"
Denebola_Leo,"Leo","HIP57632","NSLOCTEXT(""DT_Stars [40244D7B20E3A662E703191785661A62]"", ""Denebola_Leo_DisplayName"", ""Denebola"")","11.817660","14.572060","0.568000"
HIP55434_Leo,"Leo","HIP55434","NSLOCTEXT(""DT_Stars [40244D7B20E3A662E703191785661A62]"", ""HIP55434_Leo_DisplayName"", ""HIP 55434"")","11.352276","6.029322","0.339000"
HIP55642_Leo,"Leo","HIP55642","NSLOCTEXT(""DT_Stars [40244D7B20E3A662E703191785661A62]"", ""HIP55642_Leo_DisplayName"", ""HIP 55642"")","11.398737","10.529509","0.345000"
Rasalas_Leo,"Leo","HIP48455","NSLOCTEXT(""DT_Stars [40244D7B20E3A662E703191785661A62]"", ""Rasalas_Leo_DisplayName"", ""Rasalas"")","9.879394","26.006951","0.359000"
Regulus_Leo,"Leo","HIP49669","NSLOCTEXT(""DT_Stars [40244D7B20E3A662E703191785661A62]"", ""Regulus_Leo_DisplayName"", ""Regulus"")","10.139531","11.967207","0.662000"
Zosma_Leo,"Leo","HIP54872","NSLOCTEXT(""DT_Stars [40244D7B20E3A662E703191785661A62]"", ""Zosma_Leo_DisplayName"", ""Zosma"")","11.235139","20.523717","0.518000"
HIP46952_LeoMinor,"LeoMinor","HIP46952","NSLOCTEXT(""DT_Stars [40244D7B20E3A662E703191785661A62]"", ""HIP46952_LeoMinor_DisplayName"", ""HIP 46952"")","9.570384","36.397558","0.280000"
HIP49593_LeoMinor,"LeoMinor","HIP49593","NSLOCTEXT(""DT_Stars [40244D7B20E3A662E703191785661A62]"", ""HIP49593_LeoMinor_DisplayName"", ""HIP 49593"")","10.123823","35.244693","0.286000"
HIP51056_LeoMinor,"LeoMinor","HIP51056","NSLOCTEXT(""DT_Stars [40244D7B20E3A662E703191785661A62]"", ""HIP51056_LeoMinor_DisplayName"", ""HIP 51056"")","10.431893","33.796120","0.258000"
HIP51233_LeoMinor,"LeoMinor","HIP51233","NSLOCTEXT(""DT_Stars [40244D7B20E3A662E703191785661A62]"", ""HIP51233_LeoMinor_DisplayName"", ""HIP 51233"")","10.464722","36.707212","0.321000"
Praecipua_LeoMinor,"LeoMinor","HIP53229","NSLOCTEXT(""DT_Stars [40244D7B20E3A662E703191785661A62]"", ""Praecipua_LeoMinor_DisplayName"", ""Praecipua"")","10.888529","34.214871","0.370000"
Arneb_Lepus,"Lepus","HIP25985","NSLOCTEXT(""DT_Stars [40244D7B20E3A662E703191785661A62]"", ""Arneb_Lepus_DisplayName"", ""Arneb"")","5.545504","-17.822289","0.515000"
ArshalJauzah_Lepus,"Lepus","HIP27654","NSLOCTEXT(""DT_Stars [40244D7B20E3A662E703191785661A62]"", ""ArshalJauzah_Lepus_DisplayName"", ""Arsh al Jauzah"")","5.855360","-20.879089","0.374000"
HIP23685_Lepus,"Lepus","HIP23685","NSLOCTEXT(""DT_Stars [40244D7B20E3A662E703191785661A62]"", ""HIP23685_Lepus_DisplayName"", ""HIP 23685"")","5.091018","-22.371033","0.442000"
HIP24305_Lepus,"Lepus","HIP24305","NSLOCTEXT(""DT_Stars [40244D7B20E3A662E703191785661A62]"", ""HIP24305_Lepus_DisplayName"", ""HIP 24305"")","5.215528","-16.205468","0.430000"
HIP24327_Lepus,"Lepus","HIP24327","NSLOCTEXT(""DT_Stars [40244D7B20E3A662E703191785661A62]"", ""HIP24327_Lepus_DisplayName"", ""HIP 24327"")","5.220522","-12.941292","0.302000"
HIP24845_Lepus,"Lepus","HIP24845","NSLOCTEXT(""DT_Stars [40244D7B20E3A662E703191785661A62]"", ""HIP24845_Lepus_DisplayName"", ""HIP 24845"")","5.326257","-13.176789","0.310000"
HIP27288_Lepus,"Lepus","HIP27288","NSLOCTEXT(""DT_Stars [40244D7B20E3A662E703191785661A62]"", ""HIP27288_Lepus_DisplayName"", ""HIP 27288"")","5.782595","-14.821950","0.399000"
HIP28103_Lepus,"Lepus","HIP28103","NSLOCTEXT(""DT_Stars [40244D7B20E3A662E703191785661A62]"", ""HIP28103_Lepus_DisplayName"", ""HIP 28103"")","5.940081","-14.167700","0.380000"
HIP28910_Lepus,"Lepus","HIP28910","NSLOCTEXT(""DT_Stars [40244D7B20E3A662E703191785661A62]"", ""HIP28910_Lepus_DisplayName"", ""HIP 28910"")","6.102590","-14.935254","0.264000"
KursialJabbar_Lepus,"Lepus","HIP27072","NSLOCTEXT(""DT_Stars [40244D7B20E3A662E703191785661A62]"", ""KursialJabbar_Lepus_DisplayName"", ""Kursi al Jabbar"")","5.741053","-22.448382","0.394000"
Nihal_Lepus,"Lepus","HIP25606","NSLOCTEXT(""DT_Stars [40244D7B20E3A662E703191785661A62]"", ""Nihal_Lepus_DisplayName"", ""Nihal"")","5.470756","-20.759441","0.488000"
Brachium_Libra,"Libra","HIP73714","NSLOCTEXT(""DT_Stars [40244D7B20E3A662E703191785661A62]"", ""Brachium_Libra_DisplayName"", ""Brachium"")","15.067838","-25.281965","0.435000"
HIP76470_Libra,"Libra","HIP76470","NSLOCTEXT(""DT_Stars [40244D7B20E3A662E703191785661A62]"", ""HIP76470_Libra_DisplayName"", ""HIP 76470"")","15.617069","-28.135079","0.393000"
HIP76600_Libra,"Libra","HIP76600","NSLOCTEXT(""DT_Stars [40244D7B20E3A662E703191785661A62]"", ""HIP76600_Libra_DisplayName"", ""HIP 76600"")","15.644269","-29.777754","0.386000"
ZubenelgenubiII_Libra,"Libra","HIP72622","NSLOCTEXT(""DT_Stars [40244D7B20E3A662E703191785661A62]"", ""ZubenelgenubiII_Libra_DisplayName"", ""Zubenelgenubi II"")","14.847976","-16.041778","0.495000"
Zubenelhakrabi_Libra,"Libra","HIP76333","NSLOCTEXT(""DT_Stars [40244D7B20E3A662E703191785661A62]"", ""Zubenelhakrabi_Libra_DisplayName"", ""Zubenelhakrabi"")","15.592105","-14.789537","0.356000"
Zubeneschamali_Libra,"Libra","HIP74785","NSLOCTEXT(""DT_Stars [40244D7B20E3A662E703191785661A62]"", ""Zubeneschamali_Libra_DisplayName"", ""Zubeneschamali"")","15.283449","-9.382917","0.512000"
HIP71860_Lupus,"Lupus","HIP71860","NSLOCTEXT(""DT_Stars [40244D7B20E3A662E703191785661A62]"", ""HIP71860_Lupus_DisplayName"", ""HIP 71860"")","14.698821","-47.388200","0.549000"
HIP73273_Lupus,"Lupus","HIP73273","NSLOCTEXT(""DT_Stars [40244D7B20E3A662E703191785661A62]"", ""HIP73273_Lupus_DisplayName"", ""HIP 73273"")","14.975535","-43.133960","0.503000"
HIP74395_Lupus,"Lupus","HIP74395","NSLOCTEXT(""DT_Stars [40244D7B20E3A662E703191785661A62]"", ""HIP74395_Lupus_DisplayName"", ""HIP 74395"")","15.204749","-52.099247","0.416000"
HIP75141_Lupus,"Lupus","HIP75141","NSLOCTEXT(""DT_Stars [40244D7B20E3A662E703191785661A62]"", ""HIP75141_Lupus_DisplayName"", ""HIP 75141"")","15.356200","-40.647518","0.438000"
HIP75177_Lupus,"Lupus","HIP75177","NSLOCTEXT(""DT_Stars [40244D7B20E3A662E703191785661A62]"", ""HIP75177_Lupus_DisplayName"", ""HIP 75177"")","15.363436","-36.261376","0.396000"
HIP75264_Lupus,"Lupus","HIP75264","NSLOCTEXT(""DT_Stars [40244D7B20E3A662E703191785661A62]"", ""HIP75264_Lupus_DisplayName"", ""HIP 75264"")","15.378020","-44.689622","0.420000"
HIP76297_Lupus,"Lupus","HIP76297","NSLOCTEXT(""DT_Stars [40244D7B20E3A662E703191785661A62]"", ""HIP76297_Lupus_DisplayName"", ""HIP 76297"")","15.585680","-41.166757","0.489000"
HIP77634_Lupus,"Lupus","HIP77634","NSLOCTEXT(""DT_Stars [40244D7B20E3A662E703191785661A62]"", ""HIP77634_Lupus_DisplayName"", ""HIP 77634"")","15.849316","-33.627165","0.348000"
HIP78384_Lupus,"Lupus","HIP78384","NSLOCTEXT(""DT_Stars [40244D7B20E3A662E703191785661A62]"", ""HIP78384_Lupus_DisplayName"", ""HIP 78384"")","16.002036","-38.396707","0.414000"
Alsciaukat_Lynx,"Lynx","HIP41075","NSLOCTEXT(""DT_Stars [40244D7B20E3A662E703191785661A62]"", ""Alsciaukat_Lynx_DisplayName"", ""Alsciaukat"")","8.380586","43.188131","0.315000"
HIP30060_Lynx,"Lynx","HIP30060","NSLOCTEXT(""DT_Stars [40244D7B20E3A662E703191785661A62]"", ""HIP30060_Lynx_DisplayName"", ""HIP 30060"")","6.327052","59.010965","0.292000"
HIP33449_Lynx,"Lynx","HIP33449","NSLOCTEXT(""DT_Stars [40244D7B20E3A662E703191785661A62]"", ""HIP33449_Lynx_DisplayName"", ""HIP 33449"")","6.954613","58.422759","0.303000"
HIP36145_Lynx,"Lynx","HIP36145","NSLOCTEXT(""DT_Stars [40244D7B20E3A662E703191785661A62]"", ""HIP36145_Lynx_DisplayName"", ""HIP 36145"")","7.445236","49.211527","0.272000"
HIP44248_Lynx,"Lynx","HIP44248","NSLOCTEXT(""DT_Stars [40244D7B20E3A662E703191785661A62]"", ""HIP44248_Lynx_DisplayName"", ""HIP 44248"")","9.010659","41.782911","0.350000"
HIP44700_Lynx,"Lynx","HIP44700","NSLOCTEXT(""DT_Stars [40244D7B20E3A662E703191785661A62]"", ""HIP44700_Lynx_DisplayName"", ""HIP 44700"")","9.108824","38.452215","0.278000"
HIP45688_Lynx,"Lynx","HIP45688","NSLOCTEXT(""DT_Stars [40244D7B20E3A662E703191785661A62]"", ""HIP45688_Lynx_DisplayName"", ""HIP 45688"")","9.314068","36.802597","0.366000"
HIP45860_Lynx,"Lynx","HIP45860","NSLOCTEXT(""DT_Stars [40244D7B20E3A662E703191785661A62]"", ""HIP45860_Lynx_DisplayName"", ""HIP 45860"")","9.350917","34.392562","0.448000"
DoubleDoubleI_Lyra,"Lyra","HIP91919","NSLOCTEXT(""DT_Stars [40244D7B20E3A662E703191785661A62]"", ""DoubleDoubleI_Lyra_DisplayName"", ""Double Double I"")","18.738985","39.670123","0.264000"
HIP92791_Lyra,"Lyra","HIP92791","NSLOCTEXT(""DT_Stars [40244D7B20E3A662E703191785661A62]"", ""HIP92791_Lyra_DisplayName"", ""HIP 92791"")","18.908412","36.898613","0.318000"
NasrAlwakiI_Lyra,"Lyra","HIP91971","NSLOCTEXT(""DT_Stars [40244D7B20E3A662E703191785661A62]"", ""NasrAlwakiI_Lyra_DisplayName"", ""Nasr Alwaki I"")","18.746210","37.605115","0.304000"
Sheliak_Lyra,"Lyra","HIP92420","NSLOCTEXT(""DT_Stars [40244D7B20E3A662E703191785661A62]"", ""Sheliak_Lyra_DisplayName"", ""Sheliak"")","18.834665","33.362667","0.402000"
Sulafat_Lyra,"Lyra","HIP93194","NSLOCTEXT(""DT_Stars [40244D7B20E3A662E703191785661A62]"", ""Sulafat_Lyra_DisplayName"", ""Sulafat"")","18.982395","32.689557","0.435000"
Vega_Lyra,"Lyra","HIP91262","NSLOCTEXT(""DT_Stars [40244D7B20E3A662E703191785661A62]"", ""Vega_Lyra_DisplayName"", ""Vega"")","18.615649","38.783692","0.821000"
HIP23467_Mensa,"Mensa","HIP23467","NSLOCTEXT(""DT_Stars [40244D7B20E3A662E703191785661A62]"", ""HIP23467_Mensa_DisplayName"", ""HIP 23467"")","5.045277","-71.314300","0.189000"
HIP29271_Mensa,"Mensa","HIP29271","NSLOCTEXT(""DT_Stars [40244D7B20E3A662E703191785661A62]"", ""HIP29271_Mensa_DisplayName"", ""HIP 29271"")","6.170687","-74.753045","0.215000"
HIP102831_Microscopium,"Microscopium","HIP102831","NSLOCTEXT(""DT_Stars [40244D7B20E3A662E703191785661A62]"", ""HIP102831_Microscopium_DisplayName"", ""HIP 102831"")","20.832801","-33.779722","0.238000"
HIP102989_Microscopium,"Microscopium","HIP102989","NSLOCTEXT(""DT_Stars [40244D7B20E3A662E703191785661A62]"", ""HIP102989_Microscopium_DisplayName"", ""HIP 102989"")","20.866323","-33.177974","0.120000"
HIP29651_Monoceros,"Monoceros","HIP29651","NSLOCTEXT(""DT_Stars [40244D7B20E3A662E703191785661A62]"", ""HIP29651_Monoceros_DisplayName"", ""HIP 29651"")","6.247592","-6.274776","0.346000"
HIP30419_Monoceros,"Monoceros","HIP30419","NSLOCTEXT(""DT_Stars [40244D7B20E3A662E703191785661A62]"", ""HIP30419_Monoceros_DisplayName"", ""HIP 30419"")","6.396135","4.592865","0.298000"
HIP30867_Monoceros,"Monoceros","HIP30867","NSLOCTEXT(""DT_Stars [40244D7B20E3A662E703191785661A62]"", ""HIP30867_Monoceros_DisplayName"", ""HIP 30867"")","6.480297","-7.033062","0.374000"
HIP31216_Monoceros,"Monoceros","HIP31216","NSLOCTEXT(""DT_Stars [40244D7B20E3A662E703191785661A62]"", ""HIP31216_Monoceros_DisplayName"", ""HIP 31216"")","6.548396","7.332965","0.288000"
HIP31978_Monoceros,"Monoceros","HIP31978","NSLOCTEXT(""DT_Stars [40244D7B20E3A662E703191785661A62]"", ""HIP31978_Monoceros_DisplayName"", ""HIP 31978"")","6.682961","9.895754","0.266000"
HIP32578_Monoceros,"Monoceros","HIP32578","NSLOCTEXT(""DT_Stars [40244D7B20E3A662E703191785661A62]"", ""HIP32578_Monoceros_DisplayName"", ""HIP 32578"")","6.797680","2.412159","0.287000"
HIP34769_Monoceros,"Monoceros","HIP34769","NSLOCTEXT(""DT_Stars [40244D7B20E3A662E703191785661A62]"", ""HIP34769_Monoceros_DisplayName"", ""HIP 34769"")","7.197739","-0.492764","0.327000"
HIP37447_Monoceros,"Monoceros","HIP37447","NSLOCTEXT(""DT_Stars [40244D7B20E3A662E703191785661A62]"", ""HIP37447_Monoceros_DisplayName"", ""HIP 37447"")","7.687453","-9.551131","0.352000"
HIP39863_Monoceros,"Monoceros","HIP39863","NSLOCTEXT(""DT_Stars [40244D7B20E3A662E703191785661A62]"", ""HIP39863_Monoceros_DisplayName"", ""HIP 39863"")","8.143236","-2.983786","0.302000"
HIP57363_Musca,"Musca","HIP57363","NSLOCTEXT(""DT_Stars [40244D7B20E3A662E703191785661A62]"", ""HIP57363_Musca_DisplayName"", ""HIP 57363"")","11.760116","-66.728763","0.389000"
HIP59929_Musca,"Musca","HIP59929","NSLOCTEXT(""DT_Stars [40244D7B20E3A662E703191785661A62]"", ""HIP59929_Musca_DisplayName"", ""HIP 59929"")","12.292855","-67.960736","0.338000"
HIP61199_Musca,"Musca","HIP61199","NSLOCTEXT(""DT_Stars [40244D7B20E3A662E703191785661A62]"", ""HIP61199_Musca_DisplayName"", ""HIP 61199"")","12.541115","-72.132988","0.364000"
HIP61585_Musca,"Musca","HIP61585","NSLOCTEXT(""DT_Stars [40244D7B20E3A662E703191785661A62]"", ""HIP61585_Musca_DisplayName"", ""HIP 61585"")","12.619727","-69.135564","0.502000"
HIP62322_Musca,"Musca","HIP62322","NSLOCTEXT(""DT_Stars [40244D7B20E3A662E703191785661A62]"", ""HIP62322_Musca_DisplayName"", ""HIP 62322"")","12.771335","-68.108119","0.460000"
HIP63613_Musca,"Musca","HIP63613","NSLOCTEXT(""DT_Stars [40244D7B20E3A662E703191785661A62]"", ""HIP63613_Musca_DisplayName"", ""HIP 63613"")","13.037851","-71.548855","0.392000"
HIP78639_Norma,"Norma","HIP78639","NSLOCTEXT(""DT_Stars [40244D7B20E3A662E703191785661A62]"", ""HIP78639_Norma_DisplayName"", ""HIP 78639"")","16.053582","-49.229695","0.267000"
HIP78914_Norma,"Norma","HIP78914","NSLOCTEXT(""DT_Stars [40244D7B20E3A662E703191785661A62]"", ""HIP78914_Norma_DisplayName"", ""HIP 78914"")","16.108177","-45.173185","0.257000"
HIP80000_Norma,"Norma","HIP80000","NSLOCTEXT(""DT_Stars [40244D7B20E3A662E703191785661A62]"", ""HIP80000_Norma_DisplayName"", ""HIP 80000"")","16.330673","-50.155508","0.344000"
HIP80582_Norma,"Norma","HIP80582","NSLOCTEXT(""DT_Stars [40244D7B20E3A662E703191785661A62]"", ""HIP80582_Norma_DisplayName"", ""HIP 80582"")","16.453066","-47.554786","0.290000"
HIP107089_Octans,"Octans","HIP107089","NSLOCTEXT(""DT_Stars [40244D7B20E3A662E703191785661A62]"", ""HIP107089_Octans_DisplayName"", ""HIP 107089"")","21.691291","-77.390046","0.377000"
HIP112405_Octans,"Octans","HIP112405","NSLOCTEXT(""DT_Stars [40244D7B20E3A662E703191785661A62]"", ""HIP112405_Octans_DisplayName"", ""HIP 112405"")","22.767641","-81.381615","0.329000"
HIP70638_Octans,"Octans","HIP70638","NSLOCTEXT(""DT_Stars [40244D7B20E3A662E703191785661A62]"", ""HIP70638_Octans_DisplayName"", ""HIP 70638"")","14.448676","-83.667884","0.308000"
Cebalrai_Ophiuchus,"Ophiuchus","HIP86742","NSLOCTEXT(""DT_Stars [40244D7B20E3A662E703191785661A62]"", ""Cebalrai_Ophiuchus_DisplayName"", ""Cebalrai"")","17.724543","4.567303","0.494000"
Garafsa_Ophiuchus,"Ophiuchus","HIP84970","NSLOCTEXT(""DT_Stars [40244D7B20E3A662E703191785661A62]"", ""Garafsa_Ophiuchus_DisplayName"", ""Garafsa"")","17.366827","-24.999545","0.432000"
HIP80343_Ophiuchus,"Ophiuchus","HIP80343","NSLOCTEXT(""DT_Stars [40244D7B20E3A662E703191785661A62]"", ""HIP80343_Ophiuchus_DisplayName"", ""HIP 80343"")","16.401718","-20.037327","0.287000"
HIP80473_Ophiuchus,"Ophiuchus","HIP80473","NSLOCTEXT(""DT_Stars [40244D7B20E3A662E703191785661A62]"", ""HIP80473_Ophiuchus_DisplayName"", ""HIP 80473"")","16.426422","-23.447178","0.276000"
HIP80569_Ophiuchus,"Ophiuchus","HIP80569","NSLOCTEXT(""DT_Stars [40244D7B20E3A662E703191785661A62]"", ""HIP80569_Ophiuchus_DisplayName"", ""HIP 80569"")","16.450399","-18.456251","0.318000"
HIP80628_Ophiuchus,"Ophiuchus","HIP80628","NSLOCTEXT(""DT_Stars [40244D7B20E3A662E703191785661A62]"", ""HIP80628_Ophiuchus_DisplayName"", ""HIP 80628"")","16.463385","-8.371731","0.270000"
HIP80894_Ophiuchus,"Ophiuchus","HIP80894","NSLOCTEXT(""DT_Stars [40244D7B20E3A662E703191785661A62]"", ""HIP80894_Ophiuchus_DisplayName"", ""HIP 80894"")","16.518991","-16.612733","0.310000"
HIP83000_Ophiuchus,"Ophiuchus","HIP83000","NSLOCTEXT(""DT_Stars [40244D7B20E3A662E703191785661A62]"", ""HIP83000_Ophiuchus_DisplayName"", ""HIP 83000"")","16.961138","9.375033","0.442000"
HIP85423_Ophiuchus,"Ophiuchus","HIP85423","NSLOCTEXT(""DT_Stars [40244D7B20E3A662E703191785661A62]"", ""HIP85423_Ophiuchus_DisplayName"", ""HIP 85423"")","17.455909","-29.867033","0.311000"
HIP88048_Ophiuchus,"Ophiuchus","HIP88048","NSLOCTEXT(""DT_Stars [40244D7B20E3A662E703191785661A62]"", ""HIP88048_Ophiuchus_DisplayName"", ""HIP 88048"")","17.983775","-9.773632","0.426000"
Marfik_Ophiuchus,"Ophiuchus","HIP80883","NSLOCTEXT(""DT_Stars [40244D7B20E3A662E703191785661A62]"", ""Marfik_Ophiuchus_DisplayName"", ""Marfik"")","16.515229","1.983923","0.366000"
Muliphen_Ophiuchus,"Ophiuchus","HIP87108","NSLOCTEXT(""DT_Stars [40244D7B20E3A662E703191785661A62]"", ""Muliphen_Ophiuchus_DisplayName"", ""Muliphen"")","17.798211","2.707276","0.375000"
Rasalhague_Ophiuchus,"Ophiuchus","HIP86032","NSLOCTEXT(""DT_Stars [40244D7B20E3A662E703191785661A62]"", ""Rasalhague_Ophiuchus_DisplayName"", ""Rasalhague"")","17.582242","12.560035","0.575000"
Sabik_Ophiuchus,"Ophiuchus","HIP84012","NSLOCTEXT(""DT_Stars [40244D7B20E3A662E703191785661A62]"", ""Sabik_Ophiuchus_DisplayName"", ""Sabik"")","17.172969","-15.724910","0.533000"
Saik_Ophiuchus,"Ophiuchus","HIP81377","NSLOCTEXT(""DT_Stars [40244D7B20E3A662E703191785661A62]"", ""Saik_Ophiuchus_DisplayName"", ""Saik"")","16.619316","-10.567090","0.520000"
YedPosterior_Ophiuchus,"Ophiuchus","HIP79882","NSLOCTEXT(""DT_Stars [40244D7B20E3A662E703191785661A62]"", ""YedPosterior_Ophiuchus_DisplayName"", ""Yed Posterior"")","16.305358","-4.692511","0.437000"
YedPrior_Ophiuchus,"Ophiuchus","HIP79593","NSLOCTEXT(""DT_Stars [40244D7B20E3A662E703191785661A62]"", ""YedPrior_Ophiuchus_DisplayName"", ""Yed Prior"")","16.239094","-3.694323","0.497000"
HIP102395_Pavo,"Pavo","HIP102395","NSLOCTEXT(""DT_Stars [40244D7B20E3A662E703191785661A62]"", ""HIP102395_Pavo_DisplayName"", ""HIP 102395"")","20.749304","-66.203213","0.414000"
HIP105858_Pavo,"Pavo","HIP105858","NSLOCTEXT(""DT_Stars [40244D7B20E3A662E703191785661A62]"", ""HIP105858_Pavo_DisplayName"", ""HIP 105858"")","21.440724","-65.366198","0.320000"
HIP86929_Pavo,"Pavo","HIP86929","NSLOCTEXT(""DT_Stars [40244D7B20E3A662E703191785661A62]"", ""HIP86929_Pavo_DisplayName"", ""HIP 86929"")","17.762219","-64.723872","0.392000"
HIP88866_Pavo,"Pavo","HIP88866","NSLOCTEXT(""DT_Stars [40244D7B20E3A662E703191785661A62]"", ""HIP88866_Pavo_DisplayName"", ""HIP 88866"")","18.143004","-63.668553","0.305000"
HIP90098_Pavo,"Pavo","HIP90098","NSLOCTEXT(""DT_Stars [40244D7B20E3A662E703191785661A62]"", ""HIP90098_Pavo_DisplayName"", ""HIP 90098"")","18.387117","-61.493901","0.303000"
HIP91792_Pavo,"Pavo","HIP91792","NSLOCTEXT(""DT_Stars [40244D7B20E3A662E703191785661A62]"", ""HIP91792_Pavo_DisplayName"", ""HIP 91792"")","18.717260","-71.428113","0.344000"
HIP92609_Pavo,"Pavo","HIP92609","NSLOCTEXT(""DT_Stars [40244D7B20E3A662E703191785661A62]"", ""HIP92609_Pavo_DisplayName"", ""HIP 92609"")","18.870287","-62.187594","0.318000"
HIP93015_Pavo,"Pavo","HIP93015","NSLOCTEXT(""DT_Stars [40244D7B20E3A662E703191785661A62]"", ""HIP93015_Pavo_DisplayName"", ""HIP 93015"")","18.949175","-67.233495","0.297000"
HIP98495_Pavo,"Pavo","HIP98495","NSLOCTEXT(""DT_Stars [40244D7B20E3A662E703191785661A62]"", ""HIP98495_Pavo_DisplayName"", ""HIP 98495"")","20.009876","-72.910504","0.348000"
HIP99240_Pavo,"Pavo","HIP99240","NSLOCTEXT(""DT_Stars [40244D7B20E3A662E703191785661A62]"", ""HIP99240_Pavo_DisplayName"", ""HIP 99240"")","20.145447","-66.182068","0.399000"
Peacock_Pavo,"Pavo","HIP100751","NSLOCTEXT(""DT_Stars [40244D7B20E3A662E703191785661A62]"", ""Peacock_Pavo_DisplayName"", ""Peacock"")","20.427461","-56.735090","0.592000"
Algenib_Pegasus,"Pegasus","HIP1067","NSLOCTEXT(""DT_Stars [40244D7B20E3A662E703191785661A62]"", ""Algenib_Pegasus_DisplayName"", ""Algenib"")","0.220598","15.183596","0.485000"
Alpheratz_Pegasus,"Pegasus","HIP677","NSLOCTEXT(""DT_Stars [40244D7B20E3A662E703191785661A62]"", ""Alpheratz_Pegasus_DisplayName"", ""Alpheratz"")","0.139794","29.090432","0.576000"
Biham_Pegasus,"Pegasus","HIP109427","NSLOCTEXT(""DT_Stars [40244D7B20E3A662E703191785661A62]"", ""Biham_Pegasus_DisplayName"", ""Biham"")","22.169996","6.197865","0.402000"
Enif_Pegasus,"Pegasus","HIP107315","NSLOCTEXT(""DT_Stars [40244D7B20E3A662E703191785661A62]"", ""Enif_Pegasus_DisplayName"", ""Enif"")","21.736433","9.875011","0.539000"
HIP107354_Pegasus,"Pegasus","HIP107354","NSLOCTEXT(""DT_Stars [40244D7B20E3A662E703191785661A62]"", ""HIP107354_Pegasus_DisplayName"", ""HIP 107354"")","21.744093","25.645036","0.328000"
HIP109176_Pegasus,"Pegasus","HIP109176","NSLOCTEXT(""DT_Stars [40244D7B20E3A662E703191785661A62]"", ""HIP109176_Pegasus_DisplayName"", ""HIP 109176"")","22.116852","25.345112","0.372000"
HIP109410_Pegasus,"Pegasus","HIP109410","NSLOCTEXT(""DT_Stars [40244D7B20E3A662E703191785661A62]"", ""HIP109410_Pegasus_DisplayName"", ""HIP 109410"")","22.166457","33.178224","0.311000"
Homam_Pegasus,"Pegasus","HIP112029","NSLOCTEXT(""DT_Stars [40244D7B20E3A662E703191785661A62]"", ""Homam_Pegasus_DisplayName"", ""Homam"")","22.691034","10.831364","0.416000"
Markab_Pegasus,"Pegasus","HIP113963","NSLOCTEXT(""DT_Stars [40244D7B20E3A662E703191785661A62]"", ""Markab_Pegasus_DisplayName"", ""Markab"")","23.079348","15.205264","0.526000"
Matar_Pegasus,"Pegasus","HIP112158","NSLOCTEXT(""DT_Stars [40244D7B20E3A662E703191785661A62]"", ""Matar_Pegasus_DisplayName"", ""Matar"")","22.716705","30.221245","0.473000"
Sadalbari_Pegasus,"Pegasus","HIP112748","NSLOCTEXT(""DT_Stars [40244D7B20E3A662E703191785661A62]"", ""Sadalbari_Pegasus_DisplayName"", ""Sadalbari"")","22.833387","24.601579","0.404000"
Sadalnazi_Pegasus,"Pegasus","HIP112440","NSLOCTEXT(""DT_Stars [40244D7B20E3A662E703191785661A62]"", ""Sadalnazi_Pegasus_DisplayName"", ""Sadalnazi"")","22.775522","23.565654","0.348000"
Scheat_Pegasus,"Pegasus","HIP113881","NSLOCTEXT(""DT_Stars [40244D7B20E3A662E703191785661A62]"", ""Scheat_Pegasus_DisplayName"", ""Scheat"")","23.062905","28.082789","0.532000"
Algol_Perseus,"Perseus","HIP14576","NSLOCTEXT(""DT_Stars [40244D7B20E3A662E703191785661A62]"", ""Algol_Perseus_DisplayName"", ""Algol"")","3.136148","40.955648","0.574000"
Atik_Perseus,"Perseus","HIP17448","NSLOCTEXT(""DT_Stars [40244D7B20E3A662E703191785661A62]"", ""Atik_Perseus_DisplayName"", ""Atik"")","3.738648","32.288248","0.364000"
Atik_Perseus_2,"Perseus","HIP18246","NSLOCTEXT(""DT_Stars [40244D7B20E3A662E703191785661A62]"", ""Atik_Perseus_2_DisplayName"", ""Atik"")","3.902200","31.883636","0.484000"
GorgoneaTertia_Perseus,"Perseus","HIP14354","NSLOCTEXT(""DT_Stars [40244D7B20E3A662E703191785661A62]"", ""GorgoneaTertia_Perseus_DisplayName"", ""Gorgonea Tertia"")","3.086276","38.840274","0.426000"
HIP12777_Perseus,"Perseus","HIP12777","NSLOCTEXT(""DT_Stars [40244D7B20E3A662E703191785661A62]"", ""HIP12777_Perseus_DisplayName"", ""HIP 12777"")","2.736663","49.228448","0.333000"
HIP13531_Perseus,"Perseus","HIP13531","NSLOCTEXT(""DT_Stars [40244D7B20E3A662E703191785661A62]"", ""HIP13531_Perseus_DisplayName"", ""HIP 13531"")","2.904295","52.762479","0.353000"
HIP14328_Perseus,"Perseus","HIP14328","NSLOCTEXT(""DT_Stars [40244D7B20E3A662E703191785661A62]"", ""HIP14328_Perseus_DisplayName"", ""HIP 14328"")","3.079942","53.506440","0.476000"
HIP14632_Perseus,"Perseus","HIP14632","NSLOCTEXT(""DT_Stars [40244D7B20E3A662E703191785661A62]"", ""HIP14632_Perseus_DisplayName"", ""HIP 14632"")","3.151117","49.613278","0.339000"
HIP17358_Perseus,"Perseus","HIP17358","NSLOCTEXT(""DT_Stars [40244D7B20E3A662E703191785661A62]"", ""HIP17358_Perseus_DisplayName"", ""HIP 17358"")","3.715417","47.787551","0.464000"
HIP18532_Perseus,"Perseus","HIP18532","NSLOCTEXT(""DT_Stars [40244D7B20E3A662E703191785661A62]"", ""HIP18532_Perseus_DisplayName"", ""HIP 18532"")","3.964231","40.010215","0.477000"
HIP19167_Perseus,"Perseus","HIP19167","NSLOCTEXT(""DT_Stars [40244D7B20E3A662E703191785661A62]"", ""HIP19167_Perseus_DisplayName"", ""HIP 19167"")","4.109734","50.351262","0.315000"
HIP19343_Perseus,"Perseus","HIP19343","NSLOCTEXT(""DT_Stars [40244D7B20E3A662E703191785661A62]"", ""HIP19343_Perseus_DisplayName"", ""HIP 19343"")","4.144359","47.712513","0.350000"
HIP19812_Perseus,"Perseus","HIP19812","NSLOCTEXT(""DT_Stars [40244D7B20E3A662E703191785661A62]"", ""HIP19812_Perseus_DisplayName"", ""HIP 19812"")","4.248295","48.409331","0.330000"
HIP20070_Perseus,"Perseus","HIP20070","NSLOCTEXT(""DT_Stars [40244D7B20E3A662E703191785661A62]"", ""HIP20070_Perseus_DisplayName"", ""HIP 20070"")","4.304061","50.295502","0.273000"
HIP8068_Perseus,"Perseus","HIP8068","NSLOCTEXT(""DT_Stars [40244D7B20E3A662E703191785661A62]"", ""HIP8068_Perseus_DisplayName"", ""HIP 8068"")","1.727677","50.688732","0.344000"
Menkib_Perseus,"Perseus","HIP18614","NSLOCTEXT(""DT_Stars [40244D7B20E3A662E703191785661A62]"", ""Menkib_Perseus_DisplayName"", ""Menkib"")","3.982750","35.791033","0.347000"
Miram_Perseus,"Perseus","HIP13268","NSLOCTEXT(""DT_Stars [40244D7B20E3A662E703191785661A62]"", ""Miram_Perseus_DisplayName"", ""Miram"")","2.844947","55.895496","0.372000"
Mirfak_Perseus,"Perseus","HIP15863","NSLOCTEXT(""DT_Stars [40244D7B20E3A662E703191785661A62]"", ""Mirfak_Perseus_DisplayName"", ""Mirfak"")","3.405381","49.861180","0.610000"
Misam_Perseus,"Perseus","HIP14668","NSLOCTEXT(""DT_Stars [40244D7B20E3A662E703191785661A62]"", ""Misam_Perseus_DisplayName"", ""Misam"")","3.158270","44.857544","0.370000"
AlrialIII_Phoenix,"Phoenix","HIP5165","NSLOCTEXT(""DT_Stars [40244D7B20E3A662E703191785661A62]"", ""AlrialIII_Phoenix_DisplayName"", ""Alrial III"")","1.101402","-46.718414","0.426000"
AlrialV_Phoenix,"Phoenix","HIP6867","NSLOCTEXT(""DT_Stars [40244D7B20E3A662E703191785661A62]"", ""AlrialV_Phoenix_DisplayName"", ""Alrial V"")","1.472758","-43.318234","0.416000"
Ankaa_Phoenix,"Phoenix","HIP2081","NSLOCTEXT(""DT_Stars [40244D7B20E3A662E703191785661A62]"", ""Ankaa_Phoenix_DisplayName"", ""Ankaa"")","0.438070","-42.305982","0.537000"
HIP7083_Phoenix,"Phoenix","HIP7083","NSLOCTEXT(""DT_Stars [40244D7B20E3A662E703191785661A62]"", ""HIP7083_Phoenix_DisplayName"", ""HIP 7083"")","1.520862","-49.072702","0.353000"
HIP765_Phoenix,"Phoenix","HIP765","NSLOCTEXT(""DT_Stars [40244D7B20E3A662E703191785661A62]"", ""HIP765_Phoenix_DisplayName"", ""HIP 765"")","0.156845","-45.747426","0.359000"
Wurren_Phoenix,"Phoenix","HIP5348","NSLOCTEXT(""DT_Stars [40244D7B20E3A662E703191785661A62]"", ""Wurren_Phoenix_DisplayName"", ""Wurren"")","1.139745","-55.245760","0.352000"
HIP27321_Pictor,"Pictor","HIP27321","NSLOCTEXT(""DT_Stars [40244D7B20E3A662E703191785661A62]"", ""HIP27321_Pictor_DisplayName"", ""HIP 27321"")","5.788080","-51.066514","0.363000"
HIP27530_Pictor,"Pictor","HIP27530","NSLOCTEXT(""DT_Stars [40244D7B20E3A662E703191785661A62]"", ""HIP27530_Pictor_DisplayName"", ""HIP 27530"")","5.830462","-56.166663","0.285000"
HIP32607_Pictor,"Pictor","HIP32607","NSLOCTEXT(""DT_Stars [40244D7B20E3A662E703191785661A62]"", ""HIP32607_Pictor_DisplayName"", ""HIP 32607"")","6.803181","-61.941392","0.436000"
Alpherg_Pisces,"Pisces","HIP7097","NSLOCTEXT(""DT_Stars [40244D7B20E3A662E703191785661A62]"", ""Alpherg_Pisces_DisplayName"", ""Alpherg"")","1.524725","15.345823","0.390000"
Alrescha_Pisces,"Pisces","HIP9487","NSLOCTEXT(""DT_Stars [40244D7B20E3A662E703191785661A62]"", ""Alrescha_Pisces_DisplayName"", ""Alrescha"")","2.034117","2.763759","0.366000"
HIP114971_Pisces,"Pisces","HIP114971","NSLOCTEXT(""DT_Stars [40244D7B20E3A662E703191785661A62]"", ""HIP114971_Pisces_DisplayName"", ""HIP 114971"")","23.286094","3.282289","0.381000"
HIP115738_Pisces,"Pisces","HIP115738","NSLOCTEXT(""DT_Stars [40244D7B20E3A662E703191785661A62]"", ""HIP115738_Pisces_DisplayName"", ""HIP 115738"")","23.448876","1.255608","0.231000"
HIP115830_Pisces,"Pisces","HIP115830","NSLOCTEXT(""DT_Stars [40244D7B20E3A662E703191785661A62]"", ""HIP115830_Pisces_DisplayName"", ""HIP 115830"")","23.466138","6.378992","0.312000"
HIP116771_Pisces,"Pisces","HIP116771","NSLOCTEXT(""DT_Stars [40244D7B20E3A662E703191785661A62]"", ""HIP116771_Pisces_DisplayName"", ""HIP 116771"")","23.665845","5.626292","0.329000"
HIP116928_Pisces,"Pisces","HIP116928","NSLOCTEXT(""DT_Stars [40244D7B20E3A662E703191785661A62]"", ""HIP116928_Pisces_DisplayName"", ""HIP 116928"")","23.700779","1.780041","0.286000"
HIP118268_Pisces,"Pisces","HIP118268","NSLOCTEXT(""DT_Stars [40244D7B20E3A662E703191785661A62]"", ""HIP118268_Pisces_DisplayName"", ""HIP 118268"")","23.988525","6.863321","0.341000"
HIP4906_Pisces,"Pisces","HIP4906","NSLOCTEXT(""DT_Stars [40244D7B20E3A662E703191785661A62]"", ""HIP4906_Pisces_DisplayName"", ""HIP 4906"")","1.049058","7.890135","0.312000"
HIP5586_Pisces,"Pisces","HIP5586","NSLOCTEXT(""DT_Stars [40244D7B20E3A662E703191785661A62]"", ""HIP5586_Pisces_DisplayName"", ""HIP 5586"")","1.194344","30.089638","0.284000"
HIP5742_Pisces,"Pisces","HIP5742","NSLOCTEXT(""DT_Stars [40244D7B20E3A662E703191785661A62]"", ""HIP5742_Pisces_DisplayName"", ""HIP 5742"")","1.229152","24.583713","0.264000"
HIP6193_Pisces,"Pisces","HIP6193","NSLOCTEXT(""DT_Stars [40244D7B20E3A662E703191785661A62]"", ""HIP6193_Pisces_DisplayName"", ""HIP 6193"")","1.324443","27.264059","0.256000"
HIP7884_Pisces,"Pisces","HIP7884","NSLOCTEXT(""DT_Stars [40244D7B20E3A662E703191785661A62]"", ""HIP7884_Pisces_DisplayName"", ""HIP 7884"")","1.690526","5.487613","0.291000"
KutonI_Pisces,"Pisces","HIP3786","NSLOCTEXT(""DT_Stars [40244D7B20E3A662E703191785661A62]"", ""KutonI_Pisces_DisplayName"", ""Kuton I"")","0.811373","7.585079","0.292000"
Torcular_Pisces,"Pisces","HIP8198","NSLOCTEXT(""DT_Stars [40244D7B20E3A662E703191785661A62]"", ""Torcular_Pisces_DisplayName"", ""Torcular"")","1.756564","9.157736","0.314000"
Fomalhaut_PiscisAustrinus,"PiscisAustrinus","HIP113368","NSLOCTEXT(""DT_Stars [40244D7B20E3A662E703191785661A62]"", ""Fomalhaut_PiscisAustrinus_DisplayName"", ""Fomalhaut"")","22.960846","-29.622236","0.684000"
FumalHui_PiscisAustrinus,"PiscisAustrinus","HIP111188","NSLOCTEXT(""DT_Stars [40244D7B20E3A662E703191785661A62]"", ""FumalHui_PiscisAustrinus_DisplayName"", ""Fum al Hui"")","22.525092","-32.346073","0.310000"
HIP107380_PiscisAustrinus,"PiscisAustrinus","HIP107380","NSLOCTEXT(""DT_Stars [40244D7B20E3A662E703191785661A62]"", ""HIP107380_PiscisAustrinus_DisplayName"", ""HIP 107380"")","21.749114","-33.025782","0.303000"
HIP107608_PiscisAustrinus,"PiscisAustrinus","HIP107608","NSLOCTEXT(""DT_Stars [40244D7B20E3A662E703191785661A62]"", ""HIP107608_PiscisAustrinus_DisplayName"", ""HIP 107608"")","21.795597","-30.898304","0.222000"
HIP109285_PiscisAustrinus,"PiscisAustrinus","HIP109285","NSLOCTEXT(""DT_Stars [40244D7B20E3A662E703191785661A62]"", ""HIP109285_PiscisAustrinus_DisplayName"", ""HIP 109285"")","22.139725","-32.988468","0.285000"
HIP111954_PiscisAustrinus,"PiscisAustrinus","HIP111954","NSLOCTEXT(""DT_Stars [40244D7B20E3A662E703191785661A62]"", ""HIP111954_PiscisAustrinus_DisplayName"", ""HIP 111954"")","22.677594","-27.043617","0.323000"
HIP112948_PiscisAustrinus,"PiscisAustrinus","HIP112948","NSLOCTEXT(""DT_Stars [40244D7B20E3A662E703191785661A62]"", ""HIP112948_PiscisAustrinus_DisplayName"", ""HIP 112948"")","22.875426","-32.875504","0.290000"
HIP113246_PiscisAustrinus,"PiscisAustrinus","HIP113246","NSLOCTEXT(""DT_Stars [40244D7B20E3A662E703191785661A62]"", ""HIP113246_PiscisAustrinus_DisplayName"", ""HIP 113246"")","22.932472","-32.539628","0.321000"
Azmidi_Puppis,"Puppis","HIP38170","NSLOCTEXT(""DT_Stars [40244D7B20E3A662E703191785661A62]"", ""Azmidi_Puppis_DisplayName"", ""Azmidi"")","7.821571","-24.859786","0.424000"
Canopus_Puppis,"Puppis","HIP30438","NSLOCTEXT(""DT_Stars [40244D7B20E3A662E703191785661A62]"", ""Canopus_Puppis_DisplayName"", ""Canopus"")","6.399197","-52.695660","0.899000"
HIP31685_Puppis,"Puppis","HIP31685","NSLOCTEXT(""DT_Stars [40244D7B20E3A662E703191785661A62]"", ""HIP31685_Puppis_DisplayName"", ""HIP 31685"")","6.629353","-43.195934","0.444000"
HIP35264_Puppis,"Puppis","HIP35264","NSLOCTEXT(""DT_Stars [40244D7B20E3A662E703191785661A62]"", ""HIP35264_Puppis_DisplayName"", ""HIP 35264"")","7.285710","-37.097470","0.500000"
HIP36917_Puppis,"Puppis","HIP36917","NSLOCTEXT(""DT_Stars [40244D7B20E3A662E703191785661A62]"", ""HIP36917_Puppis_DisplayName"", ""HIP 36917"")","7.589692","-28.369323","0.267000"
HIP37229_Puppis,"Puppis","HIP37229","NSLOCTEXT(""DT_Stars [40244D7B20E3A662E703191785661A62]"", ""HIP37229_Puppis_DisplayName"", ""HIP 37229"")","7.647186","-26.803836","0.369000"
HIP37677_Puppis,"Puppis","HIP37677","NSLOCTEXT(""DT_Stars [40244D7B20E3A662E703191785661A62]"", ""HIP37677_Puppis_DisplayName"", ""HIP 37677"")","7.730130","-28.954826","0.352000"
HIP38070_Puppis,"Puppis","HIP38070","NSLOCTEXT(""DT_Stars [40244D7B20E3A662E703191785661A62]"", ""HIP38070_Puppis_DisplayName"", ""HIP 38070"")","7.801436","-25.937169","0.297000"
Naos_Puppis,"Puppis","HIP39429","NSLOCTEXT(""DT_Stars [40244D7B20E3A662E703191785661A62]"", ""Naos_Puppis_DisplayName"", ""Naos"")","8.059735","-40.003148","0.560000"
Regor_Puppis,"Puppis","HIP39953","NSLOCTEXT(""DT_Stars [40244D7B20E3A662E703191785661A62]"", ""Regor_Puppis_DisplayName"", ""Regor"")","8.158875","-47.336588","0.615000"
Tureis_Puppis,"Puppis","HIP39757","NSLOCTEXT(""DT_Stars [40244D7B20E3A662E703191785661A62]"", ""Tureis_Puppis_DisplayName"", ""Tureis"")","8.125736","-24.304324","0.485000"
HIP42515_Pyxis,"Pyxis","HIP42515","NSLOCTEXT(""DT_Stars [40244D7B20E3A662E703191785661A62]"", ""HIP42515_Pyxis_DisplayName"", ""HIP 42515"")","8.668373","-35.308352","0.348000"
HIP42828_Pyxis,"Pyxis","HIP42828","NSLOCTEXT(""DT_Stars [40244D7B20E3A662E703191785661A62]"", ""HIP42828_Pyxis_DisplayName"", ""HIP 42828"")","8.726538","-33.186386","0.383000"
HIP43409_Pyxis,"Pyxis","HIP43409","NSLOCTEXT(""DT_Stars [40244D7B20E3A662E703191785661A62]"", ""HIP43409_Pyxis_DisplayName"", ""HIP 43409"")","8.842201","-27.709844","0.342000"
Naos_Pyxis,"Pyxis","HIP39429","NSLOCTEXT(""DT_Stars [40244D7B20E3A662E703191785661A62]"", ""Naos_Pyxis_DisplayName"", ""Naos"")","8.059735","-40.003148","0.560000"
HIP17440_Reticulum,"Reticulum","HIP17440","NSLOCTEXT(""DT_Stars [40244D7B20E3A662E703191785661A62]"", ""HIP17440_Reticulum_DisplayName"", ""HIP 17440"")","3.736660","-64.806903","0.364000"
HIP18597_Reticulum,"Reticulum","HIP18597","NSLOCTEXT(""DT_Stars [40244D7B20E3A662E703191785661A62]"", ""HIP18597_Reticulum_DisplayName"", ""HIP 18597"")","3.979097","-61.400186","0.278000"
HIP19780_Reticulum,"Reticulum","HIP19780","NSLOCTEXT(""DT_Stars [40244D7B20E3A662E703191785661A62]"", ""HIP19780_Reticulum_DisplayName"", ""HIP 19780"")","4.240412","-62.473858","0.425000"
HIP19921_Reticulum,"Reticulum","HIP19921","NSLOCTEXT(""DT_Stars [40244D7B20E3A662E703191785661A62]"", ""HIP19921_Reticulum_DisplayName"", ""HIP 19921"")","4.274730","-59.302156","0.292000"
HIP96837_Sagitta,"Sagitta","HIP96837","NSLOCTEXT(""DT_Stars [40244D7B20E3A662E703191785661A62]"", ""HIP96837_Sagitta_DisplayName"", ""HIP 96837"")","19.684150","17.476041","0.298000"
HIP97365_Sagitta,"Sagitta","HIP97365","NSLOCTEXT(""DT_Stars [40244D7B20E3A662E703191785661A62]"", ""HIP97365_Sagitta_DisplayName"", ""HIP 97365"")","19.789795","18.534286","0.383000"
HIP98337_Sagitta,"Sagitta","HIP98337","NSLOCTEXT(""DT_Stars [40244D7B20E3A662E703191785661A62]"", ""HIP98337_Sagitta_DisplayName"", ""HIP 98337"")","19.979285","19.492148","0.404000"
Sham_Sagitta,"Sagitta","HIP96757","NSLOCTEXT(""DT_Stars [40244D7B20E3A662E703191785661A62]"", ""Sham_Sagitta_DisplayName"", ""Sham"")","19.668276","18.013890","0.298000"
Albaldah_Sagittarius,"Sagittarius","HIP94141","NSLOCTEXT(""DT_Stars [40244D7B20E3A662E703191785661A62]"", ""Albaldah_Sagittarius_DisplayName"", ""Albaldah"")","19.162731","-21.023615","0.479000"
Alnasl_Sagittarius,"Sagittarius","HIP88635","NSLOCTEXT(""DT_Stars [40244D7B20E3A662E703191785661A62]"", ""Alnasl_Sagittarius_DisplayName"", ""Alnasl"")","18.096802","-30.424091","0.467000"
Ascella_Sagittarius,"Sagittarius","HIP93506","NSLOCTEXT(""DT_Stars [40244D7B20E3A662E703191785661A62]"", ""Ascella_Sagittarius_DisplayName"", ""Ascella"")","19.043532","-29.880105","0.513000"
HIP93085_Sagittarius,"Sagittarius","HIP93085","NSLOCTEXT(""DT_Stars [40244D7B20E3A662E703191785661A62]"", ""HIP93085_Sagittarius_DisplayName"", ""HIP 93085"")","18.962167","-21.106654","0.402000"
HIP93683_Sagittarius,"Sagittarius","HIP93683","NSLOCTEXT(""DT_Stars [40244D7B20E3A662E703191785661A62]"", ""HIP93683_Sagittarius_DisplayName"", ""HIP 93683"")","19.078050","-21.741496","0.374000"
HIP95168_Sagittarius,"Sagittarius","HIP95168","NSLOCTEXT(""DT_Stars [40244D7B20E3A662E703191785661A62]"", ""HIP95168_Sagittarius_DisplayName"", ""HIP 95168"")","19.361211","-17.847197","0.354000"
Hamalwarid_Sagittarius,"Sagittarius","HIP89642","NSLOCTEXT(""DT_Stars [40244D7B20E3A662E703191785661A62]"", ""Hamalwarid_Sagittarius_DisplayName"", ""Hamalwarid"")","18.293788","-36.761686","0.453000"
KausAustralis_Sagittarius,"Sagittarius","HIP90185","NSLOCTEXT(""DT_Stars [40244D7B20E3A662E703191785661A62]"", ""KausAustralis_Sagittarius_DisplayName"", ""Kaus Australis"")","18.402866","-34.384616","0.610000"
KausBorealis_Sagittarius,"Sagittarius","HIP90496","NSLOCTEXT(""DT_Stars [40244D7B20E3A662E703191785661A62]"", ""KausBorealis_Sagittarius_DisplayName"", ""Kaus Borealis"")","18.466178","-25.421700","0.486000"
KausMedia_Sagittarius,"Sagittarius","HIP89931","NSLOCTEXT(""DT_Stars [40244D7B20E3A662E703191785661A62]"", ""KausMedia_Sagittarius_DisplayName"", ""Kaus Media"")","18.349900","-29.828103","0.498000"
NamalsadirahII_Sagittarius,"Sagittarius","HIP93864","NSLOCTEXT(""DT_Stars [40244D7B20E3A662E703191785661A62]"", ""NamalsadirahII_Sagittarius_DisplayName"", ""Namalsadirah II"")","19.115669","-27.670423","0.426000"
NamalsadirahI_Sagittarius,"Sagittarius","HIP92041","NSLOCTEXT(""DT_Stars [40244D7B20E3A662E703191785661A62]"", ""NamalsadirahI_Sagittarius_DisplayName"", ""Namalsadirah I"")","18.760941","-26.990778","0.444000"
Nunki_Sagittarius,"Sagittarius","HIP92855","NSLOCTEXT(""DT_Stars [40244D7B20E3A662E703191785661A62]"", ""Nunki_Sagittarius_DisplayName"", ""Nunki"")","18.921090","-26.296722","0.579000"
Polis_Sagittarius,"Sagittarius","HIP89341","NSLOCTEXT(""DT_Stars [40244D7B20E3A662E703191785661A62]"", ""Polis_Sagittarius_DisplayName"", ""Polis"")","18.229392","-21.058834","0.364000"
Acrab_Scorpius,"Scorpius","HIP78820","NSLOCTEXT(""DT_Stars [40244D7B20E3A662E703191785661A62]"", ""Acrab_Scorpius_DisplayName"", ""Acrab"")","16.090620","-19.805453","0.518000"
Alniyat_Scorpius,"Scorpius","HIP80112","NSLOCTEXT(""DT_Stars [40244D7B20E3A662E703191785661A62]"", ""Alniyat_Scorpius_DisplayName"", ""Alniyat"")","16.353143","-25.592796","0.477000"
Antares_Scorpius,"Scorpius","HIP80763","NSLOCTEXT(""DT_Stars [40244D7B20E3A662E703191785661A62]"", ""Antares_Scorpius_DisplayName"", ""Antares"")","16.490128","-26.432002","0.698000"
Dschubba_Scorpius,"Scorpius","HIP78401","NSLOCTEXT(""DT_Stars [40244D7B20E3A662E703191785661A62]"", ""Dschubba_Scorpius_DisplayName"", ""Dschubba"")","16.005557","-22.621710","0.550000"
Fang_Scorpius,"Scorpius","HIP78265","NSLOCTEXT(""DT_Stars [40244D7B20E3A662E703191785661A62]"", ""Fang_Scorpius_DisplayName"", ""Fang"")","15.980865","-26.114105","0.478000"
Fuyue_Scorpius,"Scorpius","HIP87261","NSLOCTEXT(""DT_Stars [40244D7B20E3A662E703191785661A62]"", ""Fuyue_Scorpius_DisplayName"", ""Fuyue"")","17.830967","-37.043304","0.442000"
Girtab_Scorpius,"Scorpius","HIP87073","NSLOCTEXT(""DT_Stars [40244D7B20E3A662E703191785661A62]"", ""Girtab_Scorpius_DisplayName"", ""Girtab"")","17.793078","-40.126998","0.466000"
HIP82729_Scorpius,"Scorpius","HIP82729","NSLOCTEXT(""DT_Stars [40244D7B20E3A662E703191785661A62]"", ""HIP82729_Scorpius_DisplayName"", ""HIP 82729"")","16.909724","-42.361313","0.390000"
HIP84143_Scorpius,"Scorpius","HIP84143","NSLOCTEXT(""DT_Stars [40244D7B20E3A662E703191785661A62]"", ""HIP84143_Scorpius_DisplayName"", ""HIP 84143"")","17.202554","-43.239189","0.426000"
Iklil_Scorpius,"Scorpius","HIP78104","NSLOCTEXT(""DT_Stars [40244D7B20E3A662E703191785661A62]"", ""Iklil_Scorpius_DisplayName"", ""Iklil"")","15.948077","-29.214073","0.360000"
Jabbah_Scorpius,"Scorpius","HIP79374","NSLOCTEXT(""DT_Stars [40244D7B20E3A662E703191785661A62]"", ""Jabbah_Scorpius_DisplayName"", ""Jabbah"")","16.199926","-19.460708","0.345000"
Larawag_Scorpius,"Scorpius","HIP82396","NSLOCTEXT(""DT_Stars [40244D7B20E3A662E703191785661A62]"", ""Larawag_Scorpius_DisplayName"", ""Larawag"")","16.836059","-34.293232","0.550000"
Lesath_Scorpius,"Scorpius","HIP85696","NSLOCTEXT(""DT_Stars [40244D7B20E3A662E703191785661A62]"", ""Lesath_Scorpius_DisplayName"", ""Lesath"")","17.512732","-37.295811","0.501000"
Mula_Scorpius,"Scorpius","HIP86670","NSLOCTEXT(""DT_Stars [40244D7B20E3A662E703191785661A62]"", ""Mula_Scorpius_DisplayName"", ""Mula"")","17.708132","-39.029983","0.538000"
Paikauhale_Scorpius,"Scorpius","HIP81266","NSLOCTEXT(""DT_Stars [40244D7B20E3A662E703191785661A62]"", ""Paikauhale_Scorpius_DisplayName"", ""Paikauhale"")","16.598043","-28.216016","0.486000"
Sargas_Scorpius,"Scorpius","HIP86228","NSLOCTEXT(""DT_Stars [40244D7B20E3A662E703191785661A62]"", ""Sargas_Scorpius_DisplayName"", ""Sargas"")","17.621981","-42.997824","0.602000"
Shaula_Scorpius,"Scorpius","HIP85927","NSLOCTEXT(""DT_Stars [40244D7B20E3A662E703191785661A62]"", ""Shaula_Scorpius_DisplayName"", ""Shaula"")","17.560144","-37.103821","0.630000"
Xamidimura_Scorpius,"Scorpius","HIP82514","NSLOCTEXT(""DT_Stars [40244D7B20E3A662E703191785661A62]"", ""Xamidimura_Scorpius_DisplayName"", ""Xamidimura"")","16.864509","-38.047380","0.465000"
HIP115102_Sculptor,"Sculptor","HIP115102","NSLOCTEXT(""DT_Stars [40244D7B20E3A662E703191785661A62]"", ""HIP115102_Sculptor_DisplayName"", ""HIP 115102"")","23.313733","-32.532027","0.296000"
HIP116231_Sculptor,"Sculptor","HIP116231","NSLOCTEXT(""DT_Stars [40244D7B20E3A662E703191785661A62]"", ""HIP116231_Sculptor_DisplayName"", ""HIP 116231"")","23.549516","-37.818268","0.299000"
HIP117452_Sculptor,"Sculptor","HIP117452","NSLOCTEXT(""DT_Stars [40244D7B20E3A662E703191785661A62]"", ""HIP117452_Sculptor_DisplayName"", ""HIP 117452"")","23.815429","-28.130268","0.274000"
HIP4577_Sculptor,"Sculptor","HIP4577","NSLOCTEXT(""DT_Stars [40244D7B20E3A662E703191785661A62]"", ""HIP4577_Sculptor_DisplayName"", ""HIP 4577"")","0.976767","-29.357449","0.309000"
HIP90595_Scutum,"Scutum","HIP90595","NSLOCTEXT(""DT_Stars [40244D7B20E3A662E703191785661A62]"", ""HIP90595_Scutum_DisplayName"", ""HIP 90595"")","18.486626","-14.565813","0.264000"
HIP91117_Scutum,"Scutum","HIP91117","NSLOCTEXT(""DT_Stars [40244D7B20E3A662E703191785661A62]"", ""HIP91117_Scutum_DisplayName"", ""HIP 91117"")","18.586785","-8.244073","0.363000"
HIP91726_Scutum,"Scutum","HIP91726","NSLOCTEXT(""DT_Stars [40244D7B20E3A662E703191785661A62]"", ""HIP91726_Scutum_DisplayName"", ""HIP 91726"")","18.704563","-9.052549","0.261000"
HIP92175_Scutum,"Scutum","HIP92175","NSLOCTEXT(""DT_Stars [40244D7B20E3A662E703191785661A62]"", ""HIP92175_Scutum_DisplayName"", ""HIP 92175"")","18.786242","-4.747867","0.318000"
Alya_Serpens,"Serpens","HIP92946","NSLOCTEXT(""DT_Stars [40244D7B20E3A662E703191785661A62]"", ""Alya_Serpens_DisplayName"", ""Alya"")","18.936995","4.203595","0.270000"
Gudja_Serpens,"Serpens","HIP77450","NSLOCTEXT(""DT_Stars [40244D7B20E3A662E703191785661A62]"", ""Gudja_Serpens_DisplayName"", ""Gudja"")","15.812327","18.141564","0.334000"
HIP76852_Serpens,"Serpens","HIP76852","NSLOCTEXT(""DT_Stars [40244D7B20E3A662E703191785661A62]"", ""HIP76852_Serpens_DisplayName"", ""HIP 76852"")","15.692515","19.670401","0.284000"
HIP77516_Serpens,"Serpens","HIP77516","NSLOCTEXT(""DT_Stars [40244D7B20E3A662E703191785661A62]"", ""HIP77516_Serpens_DisplayName"", ""HIP 77516"")","15.827002","-3.430208","0.400000"
HIP86263_Serpens,"Serpens","HIP86263","NSLOCTEXT(""DT_Stars [40244D7B20E3A662E703191785661A62]"", ""HIP86263_Serpens_DisplayName"", ""HIP 86263"")","17.626445","-15.398557","0.400000"
HIP88048_Serpens,"Serpens","HIP88048","NSLOCTEXT(""DT_Stars [40244D7B20E3A662E703191785661A62]"", ""HIP88048_Serpens_DisplayName"", ""HIP 88048"")","17.983775","-9.773632","0.426000"
HIP89962_Serpens,"Serpens","HIP89962","NSLOCTEXT(""DT_Stars [40244D7B20E3A662E703191785661A62]"", ""HIP89962_Serpens_DisplayName"", ""HIP 89962"")","18.355167","-2.898825","0.437000"
NasakShamiyaII_Serpens,"Serpens","HIP78072","NSLOCTEXT(""DT_Stars [40244D7B20E3A662E703191785661A62]"", ""NasakShamiyaII_Serpens_DisplayName"", ""Nasak Shamiya II"")","15.940884","15.661617","0.363000"
NasakShamiyaI_Serpens,"Serpens","HIP77233","NSLOCTEXT(""DT_Stars [40244D7B20E3A662E703191785661A62]"", ""NasakShamiyaI_Serpens_DisplayName"", ""Nasak Shamiya I"")","15.769793","15.421826","0.387000"
NasakYamaniII_Serpens,"Serpens","HIP77622","NSLOCTEXT(""DT_Stars [40244D7B20E3A662E703191785661A62]"", ""NasakYamaniII_Serpens_DisplayName"", ""Nasak Yamani II"")","15.846935","4.477730","0.380000"
NasakYamaniI_Serpens,"Serpens","HIP76276","NSLOCTEXT(""DT_Stars [40244D7B20E3A662E703191785661A62]"", ""NasakYamaniI_Serpens_DisplayName"", ""Nasak Yamani I"")","15.580041","10.538867","0.369000"
Sabik_Serpens,"Serpens","HIP84012","NSLOCTEXT(""DT_Stars [40244D7B20E3A662E703191785661A62]"", ""Sabik_Serpens_DisplayName"", ""Sabik"")","17.172969","-15.724910","0.533000"
Unukalhai_Serpens,"Serpens","HIP77070","NSLOCTEXT(""DT_Stars [40244D7B20E3A662E703191785661A62]"", ""Unukalhai_Serpens_DisplayName"", ""Unukalhai"")","15.737799","6.425627","0.509000"
YedPrior_Serpens,"Serpens","HIP79593","NSLOCTEXT(""DT_Stars [40244D7B20E3A662E703191785661A62]"", ""YedPrior_Serpens_DisplayName"", ""Yed Prior"")","16.239094","-3.694323","0.497000"
HIP48437_Sextans,"Sextans","HIP48437","NSLOCTEXT(""DT_Stars [40244D7B20E3A662E703191785661A62]"", ""HIP48437_Sextans_DisplayName"", ""HIP 48437"")","9.875121","-8.105030","0.216000"
HIP49641_Sextans,"Sextans","HIP49641","NSLOCTEXT(""DT_Stars [40244D7B20E3A662E703191785661A62]"", ""HIP49641_Sextans_DisplayName"", ""HIP 49641"")","10.132300","-0.371637","0.287000"
HIP51362_Sextans,"Sextans","HIP51362","NSLOCTEXT(""DT_Stars [40244D7B20E3A662E703191785661A62]"", ""HIP51362_Sextans_DisplayName"", ""HIP 51362"")","10.491306","-2.739078","0.202000"
HIP51437_Sextans,"Sextans","HIP51437","NSLOCTEXT(""DT_Stars [40244D7B20E3A662E703191785661A62]"", ""HIP51437_Sextans_DisplayName"", ""HIP 51437"")","10.504855","-0.637026","0.215000"
HIP89112_Telescopium,"Telescopium","HIP89112","NSLOCTEXT(""DT_Stars [40244D7B20E3A662E703191785661A62]"", ""HIP89112_Telescopium_DisplayName"", ""HIP 89112"")","18.187156","-45.954418","0.282000"
HIP90422_Telescopium,"Telescopium","HIP90422","NSLOCTEXT(""DT_Stars [40244D7B20E3A662E703191785661A62]"", ""HIP90422_Telescopium_DisplayName"", ""HIP 90422"")","18.449560","-45.968459","0.406000"
HIP90568_Telescopium,"Telescopium","HIP90568","NSLOCTEXT(""DT_Stars [40244D7B20E3A662E703191785661A62]"", ""HIP90568_Telescopium_DisplayName"", ""HIP 90568"")","18.480516","-49.070588","0.333000"
HIP10670_Triangulum,"Triangulum","HIP10670","NSLOCTEXT(""DT_Stars [40244D7B20E3A662E703191785661A62]"", ""HIP10670_Triangulum_DisplayName"", ""HIP 10670"")","2.288574","33.847194","0.341000"
Mizan_Triangulum,"Triangulum","HIP10064","NSLOCTEXT(""DT_Stars [40244D7B20E3A662E703191785661A62]"", ""Mizan_Triangulum_DisplayName"", ""Mizan"")","2.159063","34.987297","0.465000"
Mothallah_Triangulum,"Triangulum","HIP8796","NSLOCTEXT(""DT_Stars [40244D7B20E3A662E703191785661A62]"", ""Mothallah_Triangulum_DisplayName"", ""Mothallah"")","1.884697","29.578829","0.414000"
Atria_TriangulumAustrale,"TriangulumAustrale","HIP82273","NSLOCTEXT(""DT_Stars [40244D7B20E3A662E703191785661A62]"", ""Atria_TriangulumAustrale_DisplayName"", ""Atria"")","16.811082","-69.027715","0.596000"
HIP74946_TriangulumAustrale,"TriangulumAustrale","HIP74946","NSLOCTEXT(""DT_Stars [40244D7B20E3A662E703191785661A62]"", ""HIP74946_TriangulumAustrale_DisplayName"", ""HIP 74946"")","15.315162","-68.679545","0.480000"
HIP76440_TriangulumAustrale,"TriangulumAustrale","HIP76440","NSLOCTEXT(""DT_Stars [40244D7B20E3A662E703191785661A62]"", ""HIP76440_TriangulumAustrale_DisplayName"", ""HIP 76440"")","15.612006","-66.317038","0.332000"
HIP77952_TriangulumAustrale,"TriangulumAustrale","HIP77952","NSLOCTEXT(""DT_Stars [40244D7B20E3A662E703191785661A62]"", ""HIP77952_TriangulumAustrale_DisplayName"", ""HIP 77952"")","15.919045","-63.430727","0.485000"
HIP110130_Tucana,"Tucana","HIP110130","NSLOCTEXT(""DT_Stars [40244D7B20E3A662E703191785661A62]"", ""HIP110130_Tucana_DisplayName"", ""HIP 110130"")","22.308359","-60.259588","0.480000"
HIP110838_Tucana,"Tucana","HIP110838","NSLOCTEXT(""DT_Stars [40244D7B20E3A662E703191785661A62]"", ""HIP110838_Tucana_DisplayName"", ""HIP 110838"")","22.455547","-64.966354","0.284000"
HIP114996_Tucana,"Tucana","HIP114996","NSLOCTEXT(""DT_Stars [40244D7B20E3A662E703191785661A62]"", ""HIP114996_Tucana_DisplayName"", ""HIP 114996"")","23.290493","-58.235734","0.346000"
HIP118322_Tucana,"Tucana","HIP118322","NSLOCTEXT(""DT_Stars [40244D7B20E3A662E703191785661A62]"", ""HIP118322_Tucana_DisplayName"", ""HIP 118322"")","23.998605","-65.577132","0.286000"
HIP1599_Tucana,"Tucana","HIP1599","NSLOCTEXT(""DT_Stars [40244D7B20E3A662E703191785661A62]"", ""HIP1599_Tucana_DisplayName"", ""HIP 1599"")","0.334517","-64.874790","0.317000"
HIP2484_Tucana,"Tucana","HIP2484","NSLOCTEXT(""DT_Stars [40244D7B20E3A662E703191785661A62]"", ""HIP2484_Tucana_DisplayName"", ""HIP 2484"")","0.525741","-62.958218","0.302000"
AlhaudIV_UrsaMajor,"UrsaMajor","HIP46733","NSLOCTEXT(""DT_Stars [40244D7B20E3A662E703191785661A62]"", ""AlhaudIV_UrsaMajor_DisplayName"", ""Alhaud IV"")","9.525474","63.061861","0.387000"
AlhaudVI_UrsaMajor,"UrsaMajor","HIP48319","NSLOCTEXT(""DT_Stars [40244D7B20E3A662E703191785661A62]"", ""AlhaudVI_UrsaMajor_DisplayName"", ""Alhaud VI"")","9.849822","59.038736","0.371000"
AlhaudV_UrsaMajor,"UrsaMajor","HIP46853","NSLOCTEXT(""DT_Stars [40244D7B20E3A662E703191785661A62]"", ""AlhaudV_UrsaMajor_DisplayName"", ""Alhaud V"")","9.547621","51.677300","0.444000"
Alioth_UrsaMajor,"UrsaMajor","HIP62956","NSLOCTEXT(""DT_Stars [40244D7B20E3A662E703191785661A62]"", ""Alioth_UrsaMajor_DisplayName"", ""Alioth"")","12.900486","55.959821","0.614000"
Alkaid_UrsaMajor,"UrsaMajor","HIP67301","NSLOCTEXT(""DT_Stars [40244D7B20E3A662E703191785661A62]"", ""Alkaid_UrsaMajor_DisplayName"", ""Alkaid"")","13.792344","49.313265","0.603000"
Alkaphrah_UrsaMajor,"UrsaMajor","HIP44471","NSLOCTEXT(""DT_Stars [40244D7B20E3A662E703191785661A62]"", ""Alkaphrah_UrsaMajor_DisplayName"", ""Alkaphrah"")","9.060424","47.156525","0.396000"
AlulaAustralis_UrsaMajor,"UrsaMajor","HIP55203","NSLOCTEXT(""DT_Stars [40244D7B20E3A662E703191785661A62]"", ""AlulaAustralis_UrsaMajor_DisplayName"", ""Alula Australis"")","11.303037","31.529289","0.370000"
AlulaBorealis_UrsaMajor,"UrsaMajor","HIP55219","NSLOCTEXT(""DT_Stars [40244D7B20E3A662E703191785661A62]"", ""AlulaBorealis_UrsaMajor_DisplayName"", ""Alula Borealis"")","11.307982","33.094306","0.406000"
Dubhe_UrsaMajor,"UrsaMajor","HIP54061","NSLOCTEXT(""DT_Stars [40244D7B20E3A662E703191785661A62]"", ""Dubhe_UrsaMajor_DisplayName"", ""Dubhe"")","11.062130","61.751033","0.608000"
HIP54539_UrsaMajor,"UrsaMajor","HIP54539","NSLOCTEXT(""DT_Stars [40244D7B20E3A662E703191785661A62]"", ""HIP54539_UrsaMajor_DisplayName"", ""HIP 54539"")","11.161058","44.498487","0.465000"
Megrez_UrsaMajor,"UrsaMajor","HIP59774","NSLOCTEXT(""DT_Stars [40244D7B20E3A662E703191785661A62]"", ""Megrez_UrsaMajor_DisplayName"", ""Megrez"")","12.257100","57.032617","0.426000"
Merak_UrsaMajor,"UrsaMajor","HIP53910","NSLOCTEXT(""DT_Stars [40244D7B20E3A662E703191785661A62]"", ""Merak_UrsaMajor_DisplayName"", ""Merak"")","11.030688","56.382427","0.544000"
Mizar_UrsaMajor,"UrsaMajor","HIP65378","NSLOCTEXT(""DT_Stars [40244D7B20E3A662E703191785661A62]"", ""Mizar_UrsaMajor_DisplayName"", ""Mizar"")","13.398762","54.925362","0.557000"
Muscida_UrsaMajor,"UrsaMajor","HIP41704","NSLOCTEXT(""DT_Stars [40244D7B20E3A662E703191785661A62]"", ""Muscida_UrsaMajor_DisplayName"", ""Muscida"")","8.504408","60.718169","0.423000"
Phecda_UrsaMajor,"UrsaMajor","HIP58001","NSLOCTEXT(""DT_Stars [40244D7B20E3A662E703191785661A62]"", ""Phecda_UrsaMajor_DisplayName"", ""Phecda"")","11.897180","53.694760","0.536000"
Taiyangshou_UrsaMajor,"UrsaMajor","HIP57399","NSLOCTEXT(""DT_Stars [40244D7B20E3A662E703191785661A62]"", ""Taiyangshou_UrsaMajor_DisplayName"", ""Taiyangshou"")","11.767504","47.779406","0.382000"
Talitha_UrsaMajor,"UrsaMajor","HIP44127","NSLOCTEXT(""DT_Stars [40244D7B20E3A662E703191785661A62]"", ""Talitha_UrsaMajor_DisplayName"", ""Talitha"")","8.986793","48.041826","0.450000"
TaniaAustralis_UrsaMajor,"UrsaMajor","HIP50801","NSLOCTEXT(""DT_Stars [40244D7B20E3A662E703191785661A62]"", ""TaniaAustralis_UrsaMajor_DisplayName"", ""Tania Australis"")","10.372150","41.499516","0.458000"
TaniaBorealis_UrsaMajor,"UrsaMajor","HIP50372","NSLOCTEXT(""DT_Stars [40244D7B20E3A662E703191785661A62]"", ""TaniaBorealis_UrsaMajor_DisplayName"", ""Tania Borealis"")","10.284942","42.914365","0.411000"
AkfaFarkadain_UrsaMinor,"UrsaMinor","HIP77055","NSLOCTEXT(""DT_Stars [40244D7B20E3A662E703191785661A62]"", ""AkfaFarkadain_UrsaMinor_DisplayName"", ""Akfa Farkadain"")","15.734311","77.794493","0.310000"
Circitores_UrsaMinor,"UrsaMinor","HIP82080","NSLOCTEXT(""DT_Stars [40244D7B20E3A662E703191785661A62]"", ""Circitores_UrsaMinor_DisplayName"", ""Circitores"")","16.766179","82.037262","0.320000"
HIP79822_UrsaMinor,"UrsaMinor","HIP79822","NSLOCTEXT(""DT_Stars [40244D7B20E3A662E703191785661A62]"", ""HIP79822_UrsaMinor_DisplayName"", ""HIP 79822"")","16.291747","75.755330","0.231000"
Kochab_UrsaMinor,"UrsaMinor","HIP72607","NSLOCTEXT(""DT_Stars [40244D7B20E3A662E703191785661A62]"", ""Kochab_UrsaMinor_DisplayName"", ""Kochab"")","14.845091","74.155505","0.576000"
Pherkad_UrsaMinor,"UrsaMinor","HIP75097","NSLOCTEXT(""DT_Stars [40244D7B20E3A662E703191785661A62]"", ""Pherkad_UrsaMinor_DisplayName"", ""Pherkad"")","15.345477","71.834016","0.465000"
Polaris_UrsaMinor,"UrsaMinor","HIP11767","NSLOCTEXT(""DT_Stars [40244D7B20E3A662E703191785661A62]"", ""Polaris_UrsaMinor_DisplayName"", ""Polaris"")","2.530301","89.264110","0.588000"
Yildun_UrsaMinor,"UrsaMinor","HIP85822","NSLOCTEXT(""DT_Stars [40244D7B20E3A662E703191785661A62]"", ""Yildun_UrsaMinor_DisplayName"", ""Yildun"")","17.536945","86.586460","0.303000"
Alsephina_Vela,"Vela","HIP42913","NSLOCTEXT(""DT_Stars [40244D7B20E3A662E703191785661A62]"", ""Alsephina_Vela_DisplayName"", ""Alsephina"")","8.745063","-54.708821","0.593000"
HIP46651_Vela,"Vela","HIP46651","NSLOCTEXT(""DT_Stars [40244D7B20E3A662E703191785661A62]"", ""HIP46651_Vela_DisplayName"", ""HIP 46651"")","9.511667","-40.466769","0.393000"
HIP48774_Vela,"Vela","HIP48774","NSLOCTEXT(""DT_Stars [40244D7B20E3A662E703191785661A62]"", ""HIP48774_Vela_DisplayName"", ""HIP 48774"")","9.947706","-54.567790","0.402000"
HIP50191_Vela,"Vela","HIP50191","NSLOCTEXT(""DT_Stars [40244D7B20E3A662E703191785661A62]"", ""HIP50191_Vela_DisplayName"", ""HIP 50191"")","10.245599","-42.121942","0.363000"
HIP52727_Vela,"Vela","HIP52727","NSLOCTEXT(""DT_Stars [40244D7B20E3A662E703191785661A62]"", ""HIP52727_Vela_DisplayName"", ""HIP 52727"")","10.779494","-49.420255","0.502000"
Markeb_Vela,"Vela","HIP45941","NSLOCTEXT(""DT_Stars [40244D7B20E3A662E703191785661A62]"", ""Markeb_Vela_DisplayName"", ""Markeb"")","9.368561","-55.010668","0.528000"
Regor_Vela,"Vela","HIP39953","NSLOCTEXT(""DT_Stars [40244D7B20E3A662E703191785661A62]"", ""Regor_Vela_DisplayName"", ""Regor"")","8.158875","-47.336588","0.615000"
Suhail_Vela,"Vela","HIP44816","NSLOCTEXT(""DT_Stars [40244D7B20E3A662E703191785661A62]"", ""Suhail_Vela_DisplayName"", ""Suhail"")","9.133266","-43.432589","0.557000"
HIP57380_Virgo,"Virgo","HIP57380","NSLOCTEXT(""DT_Stars [40244D7B20E3A662E703191785661A62]"", ""HIP57380_Virgo_DisplayName"", ""HIP 57380"")","11.764322","6.529376","0.340000"
HIP58948_Virgo,"Virgo","HIP58948","NSLOCTEXT(""DT_Stars [40244D7B20E3A662E703191785661A62]"", ""HIP58948_Virgo_DisplayName"", ""HIP 58948"")","12.086817","8.732985","0.330000"
HIP64238_Virgo,"Virgo","HIP64238","NSLOCTEXT(""DT_Stars [40244D7B20E3A662E703191785661A62]"", ""HIP64238_Virgo_DisplayName"", ""HIP 64238"")","13.165831","-5.539010","0.299000"
HIP68520_Virgo,"Virgo","HIP68520","NSLOCTEXT(""DT_Stars [40244D7B20E3A662E703191785661A62]"", ""HIP68520_Virgo_DisplayName"", ""HIP 68520"")","14.027443","1.544532","0.317000"
HIP72220_Virgo,"Virgo","HIP72220","NSLOCTEXT(""DT_Stars [40244D7B20E3A662E703191785661A62]"", ""HIP72220_Virgo_DisplayName"", ""HIP 72220"")","14.770812","1.892885","0.377000"
Heze_Virgo,"Virgo","HIP66249","NSLOCTEXT(""DT_Stars [40244D7B20E3A662E703191785661A62]"", ""Heze_Virgo_DisplayName"", ""Heze"")","13.578220","-0.595820","0.419000"
Minelauva_Virgo,"Virgo","HIP63090","NSLOCTEXT(""DT_Stars [40244D7B20E3A662E703191785661A62]"", ""Minelauva_Virgo_DisplayName"", ""Minelauva"")","12.926724","3.397470","0.418000"
Porrima_Virgo,"Virgo","HIP61941","NSLOCTEXT(""DT_Stars [40244D7B20E3A662E703191785661A62]"", ""Porrima_Virgo_DisplayName"", ""Porrima"")","12.694345","-1.449375","0.496000"
RijlalAwwa_Virgo,"Virgo","HIP71957","NSLOCTEXT(""DT_Stars [40244D7B20E3A662E703191785661A62]"", ""RijlalAwwa_Virgo_DisplayName"", ""Rijl al Awwa"")","14.717673","-5.658207","0.360000"
Spica_Virgo,"Virgo","HIP65474","NSLOCTEXT(""DT_Stars [40244D7B20E3A662E703191785661A62]"", ""Spica_Virgo_DisplayName"", ""Spica"")","13.419883","-11.161322","0.707000"
Syrma_Virgo,"Virgo","HIP69701","NSLOCTEXT(""DT_Stars [40244D7B20E3A662E703191785661A62]"", ""Syrma_Virgo_DisplayName"", ""Syrma"")","14.266908","-6.000547","0.336000"
Vindemiatrix_Virgo,"Virgo","HIP63608","NSLOCTEXT(""DT_Stars [40244D7B20E3A662E703191785661A62]"", ""Vindemiatrix_Virgo_DisplayName"", ""Vindemiatrix"")","13.036277","10.959150","0.483000"
Zaniah_Virgo,"Virgo","HIP60129","NSLOCTEXT(""DT_Stars [40244D7B20E3A662E703191785661A62]"", ""Zaniah_Virgo_DisplayName"", ""Zaniah"")","12.331766","-0.666803","0.358000"
Zavijava_Virgo,"Virgo","HIP57757","NSLOCTEXT(""DT_Stars [40244D7B20E3A662E703191785661A62]"", ""Zavijava_Virgo_DisplayName"", ""Zavijava"")","11.844922","1.764718","0.394000"
HIP34481_Volans,"Volans","HIP34481","NSLOCTEXT(""DT_Stars [40244D7B20E3A662E703191785661A62]"", ""HIP34481_Volans_DisplayName"", ""HIP 34481"")","7.145796","-70.498932","0.371000"
HIP35228_Volans,"Volans","HIP35228","NSLOCTEXT(""DT_Stars [40244D7B20E3A662E703191785661A62]"", ""HIP35228_Volans_DisplayName"", ""HIP 35228"")","7.280507","-67.957152","0.348000"
HIP39794_Volans,"Volans","HIP39794","NSLOCTEXT(""DT_Stars [40244D7B20E3A662E703191785661A62]"", ""HIP39794_Volans_DisplayName"", ""HIP 39794"")","8.132165","-68.617062","0.303000"
HIP41312_Volans,"Volans","HIP41312","NSLOCTEXT(""DT_Stars [40244D7B20E3A662E703191785661A62]"", ""HIP41312_Volans_DisplayName"", ""HIP 41312"")","8.428943","-66.136890","0.372000"
HIP44382_Volans,"Volans","HIP44382","NSLOCTEXT(""DT_Stars [40244D7B20E3A662E703191785661A62]"", ""HIP44382_Volans_DisplayName"", ""HIP 44382"")","9.040777","-66.396077","0.345000"
Anser_Vulpecula,"Vulpecula","HIP95771","NSLOCTEXT(""DT_Stars [40244D7B20E3A662E703191785661A62]"", ""Anser_Vulpecula_DisplayName"", ""Anser"")","19.478425","24.664905","0.292000"
HIP97886_Vulpecula,"Vulpecula","HIP97886","NSLOCTEXT(""DT_Stars [40244D7B20E3A662E703191785661A62]"", ""HIP97886_Vulpecula_DisplayName"", ""HIP 97886"")","19.891026","24.079614","0.276000"
